IMPORT_OK
import time: self [us] | cumulative | imported package
import time:       132 |        132 |   _io
import time:        15 |         15 |   marshal
import time:       108 |        108 |   posix
import time:       143 |        396 | _frozen_importlib_external
import time:       202 |        202 |   time
import time:        54 |        256 | zipimport
import time:        66 |         66 |     _codecs
import time:       112 |        178 |   codecs
import time:       452 |        452 |   encodings.aliases
import time:       535 |       1164 | encodings
import time:       275 |        275 | encodings.utf_8
import time:        48 |         48 | _signal
import time:        12 |         12 |     _abc
import time:        55 |         67 |   abc
import time:        77 |        144 | io
import time:        25 |         25 |       _stat
import time:        24 |         48 |     stat
import time:       364 |        364 |     _collections_abc
import time:        26 |         26 |       genericpath
import time:        38 |         63 |     posixpath
import time:       176 |        651 |   os
import time:        28 |         28 |   _sitebuiltins
import time:       254 |        254 |   encodings.utf_8_sig
import time:      1311 |       1311 |   _virtualenv
import time:        32 |         32 |   sitecustomize
import time:      1395 |       3667 | site
import time:       569 |        569 |     markitdown_mcp.__about__
import time:       720 |       1288 |   markitdown_mcp
import time:       113 |        113 |       itertools
import time:       273 |        273 |       keyword
import time:        41 |         41 |         _operator
import time:       338 |        379 |       operator
import time:       275 |        275 |       reprlib
import time:        33 |         33 |       _collections
import time:       700 |       1771 |     collections
import time:       321 |        321 |       types
import time:        28 |         28 |       _functools
import time:       515 |        863 |     functools
import time:       519 |       3152 |   contextlib
import time:       276 |        276 |   collections.abc
import time:       251 |        251 |           mcp.client
import time:        64 |         64 |             _datetime
import time:       273 |        337 |           datetime
import time:       261 |        261 |             copyreg
import time:      1014 |       1014 |               enum
import time:        34 |         34 |                 _sre
import time:       305 |        305 |                   re._constants
import time:       383 |        688 |                 re._parser
import time:       197 |        197 |                 re._casefix
import time:       436 |       1354 |               re._compiler
import time:       459 |       2826 |             re
import time:       327 |        327 |             warnings
import time:        22 |         22 |             _typing
import time:      1893 |       5326 |           typing
import time:       260 |        260 |               __future__
import time:       548 |        548 |                 anyio._core
import time:       109 |        109 |                     _ast
import time:       929 |       1038 |                   ast
import time:        16 |         16 |                       _opcode
import time:       390 |        405 |                     opcode
import time:       556 |        961 |                   dis
import time:       322 |        322 |                     importlib
import time:        33 |        354 |                   importlib.machinery
import time:       260 |        260 |                       token
import time:        24 |         24 |                       _tokenize
import time:       682 |        964 |                     tokenize
import time:       263 |       1227 |                   linecache
import time:       338 |        338 |                     _weakrefset
import time:       526 |        864 |                   weakref
import time:      1359 |       5800 |                 inspect
import time:       934 |       7281 |               anyio._core._contextmanagers
import time:        45 |         45 |                 math
import time:       557 |        557 |                 threading
import time:        19 |         19 |                   _contextvars
import time:       279 |        297 |                 contextvars
import time:       612 |        612 |                   textwrap
import time:       635 |       1247 |                 anyio._core._exceptions
import time:        53 |         53 |                 sniffio
import time:      1117 |       3314 |               anyio._core._eventloop
import time:       125 |        125 |                   fnmatch
import time:        43 |         43 |                     _winapi
import time:        36 |         36 |                     nt
import time:        34 |         34 |                     nt
import time:        32 |         32 |                     nt
import time:        30 |         30 |                     nt
import time:        31 |         31 |                     nt
import time:        30 |         30 |                     nt
import time:        48 |        282 |                   ntpath
import time:        26 |         26 |                   errno
import time:       262 |        262 |                     urllib
import time:      1005 |       1005 |                     ipaddress
import time:       790 |       2056 |                   urllib.parse
import time:       745 |       3232 |                 pathlib
import time:       314 |        314 |                   copy
import time:       627 |        940 |                 dataclasses
import time:       636 |        636 |                 anyio.to_thread
import time:       388 |        388 |                     signal
import time:        95 |         95 |                       _socket
import time:        37 |         37 |                         select
import time:       473 |        510 |                       selectors
import time:       608 |        608 |                       array
import time:       763 |       1974 |                     socket
import time:      1341 |       3702 |                   anyio.abc._eventloop
import time:       354 |        354 |                   anyio.abc._resources
import time:       521 |        521 |                     anyio._core._typedattr
import time:     13473 |      13473 |                         typing_extensions
import time:       823 |      14295 |                       anyio.abc._tasks
import time:       969 |      15264 |                     anyio.abc._streams
import time:      1244 |      17028 |                   anyio.abc._sockets
import time:       628 |        628 |                   anyio.abc._subprocesses
import time:       411 |        411 |                   anyio.abc._testing
import time:      1311 |       1311 |                     anyio.lowlevel
import time:      1408 |       1408 |                     anyio._core._tasks
import time:       638 |        638 |                     anyio._core._testing
import time:      3456 |       6810 |                   anyio._core._synchronization
import time:       345 |        345 |                       concurrent
import time:       645 |        645 |                           traceback
import time:        22 |         22 |                             _string
import time:       559 |        581 |                           string
import time:        22 |         22 |                           atexit
import time:      1211 |       2458 |                         logging
import time:       800 |       3258 |                       concurrent.futures._base
import time:       313 |       3915 |                     concurrent.futures
import time:      2288 |       6202 |                   anyio.from_thread
import time:       589 |      35721 |                 anyio.abc
import time:      3752 |      44279 |               anyio._core._fileio
import time:       419 |        419 |               anyio._core._resources
import time:       296 |        296 |               anyio._core._signals
import time:       352 |        352 |                   _ssl
import time:        37 |         37 |                       _struct
import time:       226 |        262 |                     struct
import time:        32 |         32 |                     binascii
import time:       486 |        778 |                   base64
import time:      2111 |       3241 |                 ssl
import time:       177 |        177 |                   anyio.streams
import time:      1447 |       1623 |                 anyio.streams.stapled
import time:      1933 |       1933 |                 anyio.streams.tls
import time:      2838 |       9633 |               anyio._core._sockets
import time:      2064 |       2064 |                 anyio.streams.memory
import time:       438 |       2502 |               anyio._core._streams
import time:        51 |         51 |                     _locale
import time:       792 |        843 |                   locale
import time:        23 |         23 |                   fcntl
import time:        65 |         65 |                   msvcrt
import time:        12 |         12 |                   _posixsubprocess
import time:       886 |       1826 |                 subprocess
import time:       841 |       2667 |               anyio._core._subprocesses
import time:        40 |         40 |                     zlib
import time:       259 |        259 |                       _compression
import time:        20 |         20 |                       _bz2
import time:       306 |        583 |                     bz2
import time:        28 |         28 |                       _lzma
import time:       214 |        242 |                     lzma
import time:       531 |       1395 |                   shutil
import time:        91 |         91 |                       _bisect
import time:       217 |        308 |                     bisect
import time:        13 |         13 |                     _random
import time:        18 |         18 |                     _sha2
import time:       386 |        723 |                   random
import time:       467 |       2584 |                 tempfile
import time:      1949 |       4533 |               anyio._core._tempfile
import time:      1055 |      76234 |             anyio
import time:        12 |      76245 |           anyio.lowlevel
import time:      6730 |       6730 |                     pydantic_core._pydantic_core
import time:       363 |        363 |                           numbers
import time:       292 |        655 |                         _decimal
import time:       448 |       1102 |                       decimal
import time:     10957 |      12059 |                     pydantic_core.core_schema
import time:      1190 |      19978 |                   pydantic_core
import time:       521 |      20498 |                 pydantic.version
import time:       933 |      21430 |               pydantic.warnings
import time:      1015 |      22445 |             pydantic._migration
import time:       127 |        127 |                 typing_inspection
import time:      1750 |       1750 |                 typing_inspection.typing_objects
import time:      2399 |       4274 |               typing_inspection.introspection
import time:       130 |        130 |               pydantic._internal
import time:       845 |        845 |                   pydantic._internal._namespace_utils
import time:      1857 |       2701 |                 pydantic._internal._typing_extra
import time:      1184 |       3885 |               pydantic._internal._repr
import time:      1082 |       9369 |             pydantic.errors
import time:      1757 |      33570 |           pydantic
import time:        42 |         42 |               _csv
import time:       348 |        390 |             csv
import time:       195 |        195 |             email
import time:       245 |        245 |                 importlib._abc
import time:        63 |        307 |               importlib.util
import time:       137 |        137 |                 zipfile._path.glob
import time:       430 |        566 |               zipfile._path
import time:       665 |       1537 |             zipfile
import time:       268 |        268 |                 quopri
import time:       667 |        667 |                     calendar
import time:       233 |        900 |                   email._parseaddr
import time:       105 |        105 |                     email.base64mime
import time:       281 |        281 |                     email.quoprimime
import time:       377 |        377 |                     email.errors
import time:       116 |        116 |                     email.encoders
import time:       390 |       1268 |                   email.charset
import time:       412 |       2579 |                 email.utils
import time:       445 |        445 |                   email.header
import time:       328 |        772 |                 email._policybase
import time:       296 |        296 |                 email._encoded_words
import time:       163 |        163 |                 email.iterators
import time:       471 |       4547 |               email.message
import time:        85 |         85 |                 importlib.metadata._functools
import time:       117 |        201 |               importlib.metadata._text
import time:       200 |       4946 |             importlib.metadata._adapters
import time:       227 |        227 |             importlib.metadata._meta
import time:       168 |        168 |             importlib.metadata._collections
import time:        89 |         89 |             importlib.metadata._itertools
import time:       194 |        194 |                   importlib.resources.abc
import time:       221 |        221 |                   importlib.resources._adapters
import time:       245 |        659 |                 importlib.resources._common
import time:       246 |        246 |                 importlib.resources._legacy
import time:        96 |       1000 |               importlib.resources
import time:       353 |       1352 |             importlib.abc
import time:       912 |       9813 |           importlib.metadata
import time:       558 |        558 |             pydantic.annotated_handlers
import time:      1046 |       1603 |           pydantic._internal._schema_generation_shared
import time:       391 |        391 |                 pydantic._internal._internal_dataclass
import time:      1060 |       1450 |               pydantic.aliases
import time:      1243 |       1243 |               pydantic.config
import time:      1664 |       4356 |             pydantic._internal._config
import time:       488 |        488 |             pydantic._internal._core_metadata
import time:       841 |        841 |             pydantic._internal._core_utils
import time:       478 |        478 |                 pydantic._internal._import_utils
import time:      2250 |       2727 |               pydantic._internal._utils
import time:      4023 |       6750 |             pydantic._internal._decorators
import time:      1020 |       1020 |                 pydantic.plugin
import time:       859 |       1879 |               pydantic.plugin._schema_validator
import time:       925 |       2803 |             pydantic._internal._mock_val_ser
import time:      8706 |      23942 |           pydantic.json_schema
import time:       463 |        463 |                   pydantic._internal._forward_ref
import time:      1695 |       2158 |                 pydantic._internal._generics
import time:       696 |        696 |                 pydantic._internal._docs_extraction
import time:      2545 |       5397 |               pydantic._internal._fields
import time:      1000 |       1000 |                   fractions
import time:        27 |         27 |                     _uuid
import time:       491 |        517 |                   uuid
import time:       432 |        432 |                       sysconfig
import time:       525 |        525 |                       _sysconfigdata__darwin_darwin
import time:       249 |        249 |                       _osx_support
import time:       577 |       1782 |                     zoneinfo._tzpath
import time:       214 |        214 |                     zoneinfo._common
import time:        40 |         40 |                     _zoneinfo
import time:       280 |       2314 |                   zoneinfo
import time:      2911 |       2911 |                   pydantic.functional_validators
import time:      1530 |       1530 |                   pydantic._internal._discriminated_union
import time:      1349 |       1349 |                   pydantic._internal._known_annotated_metadata
import time:      1024 |       1024 |                   pydantic._internal._schema_gather
import time:      9800 |      20441 |                 pydantic._internal._generate_schema
import time:       673 |        673 |                 pydantic._internal._signature
import time:      2700 |      23812 |               pydantic._internal._model_construction
import time:      5025 |      34234 |             pydantic.main
import time:      2029 |      36263 |           pydantic.type_adapter
import time:      3957 |       3957 |             annotated_types
import time:      1847 |       1847 |             pydantic._internal._validators
import time:      7583 |       7583 |             pydantic.types
import time:       413 |        413 |             pydantic.plugin._loader
import time:     39995 |      53793 |           mcp.types
import time:       162 |        162 |             mcp.shared
import time:       592 |        592 |                 httpx.__version__
import time:       413 |        413 |                         _hashlib
import time:        25 |         25 |                         _blake2
import time:       355 |        792 |                       hashlib
import time:       493 |        493 |                           http
import time:       427 |        427 |                             email.feedparser
import time:       359 |        786 |                           email.parser
import time:       675 |       1952 |                         http.client
import time:       233 |        233 |                           urllib.response
import time:       306 |        539 |                         urllib.error
import time:        23 |         23 |                         _scproxy
import time:       965 |       3477 |                       urllib.request
import time:      1056 |       1056 |                       httpx._exceptions
import time:        28 |         28 |                               _json
import time:       427 |        454 |                             json.scanner
import time:       458 |        912 |                           json.decoder
import time:       238 |        238 |                           json.encoder
import time:       417 |       1566 |                         json
import time:      1201 |       1201 |                         http.cookiejar
import time:        48 |         48 |                               _winapi
import time:        42 |         42 |                               winreg
import time:       382 |        471 |                             mimetypes
import time:      1009 |       1009 |                             httpx._types
import time:       963 |        963 |                             httpx._utils
import time:      1398 |       3839 |                           httpx._multipart
import time:      1063 |       4902 |                         httpx._content
import time:        46 |         46 |                           brotli
import time:        38 |         38 |                           brotlicffi
import time:        32 |         32 |                           zstandard
import time:      1049 |       1163 |                         httpx._decoders
import time:       822 |        822 |                         httpx._status_codes
import time:        32 |         32 |                               unicodedata
import time:      1828 |       1828 |                               idna.idnadata
import time:       491 |        491 |                               idna.intranges
import time:      2297 |       4647 |                             idna.core
import time:       239 |        239 |                             idna.package_data
import time:       448 |       5333 |                           idna
import time:      2147 |       2147 |                           httpx._urlparse
import time:      1704 |       9182 |                         httpx._urls
import time:      4156 |      22988 |                       httpx._models
import time:      1338 |      29650 |                     httpx._auth
import time:       995 |        995 |                     httpx._config
import time:       401 |        401 |                           httpx._transports.base
import time:      1416 |       1817 |                         httpx._transports.asgi
import time:      1291 |       1291 |                         httpx._transports.default
import time:       379 |        379 |                         httpx._transports.mock
import time:       792 |        792 |                         httpx._transports.wsgi
import time:       231 |       4508 |                       httpx._transports
import time:        13 |       4520 |                     httpx._transports.base
import time:      4237 |      39402 |                   httpx._client
import time:       841 |      40242 |                 httpx._api
import time:       651 |        651 |                       gettext
import time:      1864 |       1864 |                         click._compat
import time:       483 |        483 |                           click.globals
import time:      1371 |       1371 |                           click.utils
import time:      1204 |       3058 |                         click.exceptions
import time:      3822 |       8744 |                       click.types
import time:       259 |        259 |                       click._utils
import time:      1584 |       1584 |                         click.parser
import time:      1160 |       2744 |                       click.formatting
import time:      1959 |       1959 |                       click.termui
import time:      9067 |      23420 |                     click.core
import time:      1484 |       1484 |                     click.decorators
import time:       703 |      25606 |                   click
import time:        66 |         66 |                     pygments
import time:        10 |         76 |                   pygments.lexers
import time:      1630 |      27312 |                 httpx._main
import time:       590 |      68734 |               httpx
import time:       285 |        285 |               mcp.shared.exceptions
import time:       629 |        629 |               mcp.shared.message
import time:      1639 |      71285 |             mcp.shared.session
import time:       758 |      72204 |           mcp.shared.context
import time:       286 |        286 |           mcp.shared.version
import time:      7338 |     320966 |         mcp.client.session
import time:      1029 |       1029 |           anyio.streams.text
import time:       312 |        312 |           mcp.client.stdio.win32
import time:      1653 |       2992 |         mcp.client.stdio
import time:       447 |        447 |                   pydantic_settings.exceptions
import time:        19 |         19 |                           _heapq
import time:       245 |        263 |                         heapq
import time:       231 |        231 |                         asyncio.constants
import time:       187 |        187 |                         asyncio.coroutines
import time:        82 |         82 |                           asyncio.format_helpers
import time:        92 |         92 |                             asyncio.base_futures
import time:       121 |        121 |                             asyncio.exceptions
import time:       230 |        230 |                             asyncio.base_tasks
import time:       143 |        584 |                           _asyncio
import time:       363 |       1027 |                         asyncio.events
import time:       263 |        263 |                         asyncio.futures
import time:       230 |        230 |                         asyncio.protocols
import time:       298 |        298 |                           asyncio.transports
import time:        77 |         77 |                           asyncio.log
import time:       472 |        847 |                         asyncio.sslproto
import time:       148 |        148 |                             asyncio.mixins
import time:       382 |        529 |                           asyncio.locks
import time:       265 |        265 |                             asyncio.timeouts
import time:       314 |        579 |                           asyncio.tasks
import time:       214 |       1322 |                         asyncio.staggered
import time:       206 |        206 |                         asyncio.trsock
import time:       633 |       5204 |                       asyncio.base_events
import time:       269 |        269 |                       asyncio.runners
import time:       255 |        255 |                       asyncio.queues
import time:       388 |        388 |                       asyncio.streams
import time:       158 |        158 |                       asyncio.subprocess
import time:       101 |        101 |                       asyncio.taskgroups
import time:        74 |         74 |                       asyncio.threads
import time:       236 |        236 |                         asyncio.base_subprocess
import time:       870 |        870 |                         asyncio.selector_events
import time:       515 |       1620 |                       asyncio.unix_events
import time:       309 |       8373 |                     asyncio
import time:       723 |        723 |                     argparse
import time:       913 |        913 |                       pydantic._internal._dataclasses
import time:      1380 |       2292 |                     pydantic.dataclasses
import time:       335 |        335 |                         pydantic_settings.utils
import time:       565 |        565 |                         pydantic_settings.sources.types
import time:      1254 |       1254 |                         pydantic_settings.sources.utils
import time:      2059 |       4211 |                       pydantic_settings.sources.base
import time:      1180 |       1180 |                             pydantic_settings.sources.providers.env
import time:       475 |       1655 |                           pydantic_settings.sources.providers.aws
import time:       356 |        356 |                             pydantic.alias_generators
import time:       730 |       1085 |                           pydantic_settings.sources.providers.azure
import time:       461 |        461 |                             shlex
import time:      7265 |       7726 |                           pydantic_settings.sources.providers.cli
import time:      1282 |       1282 |                                 dotenv.parser
import time:       864 |        864 |                                 dotenv.variables
import time:      1657 |       3801 |                               dotenv.main
import time:       460 |       4261 |                             dotenv
import time:       985 |       5245 |                           pydantic_settings.sources.providers.dotenv
import time:      1172 |       1172 |                           pydantic_settings.sources.providers.gcp
import time:       362 |        362 |                           pydantic_settings.sources.providers.json
import time:       472 |        472 |                             pydantic_settings.sources.providers.toml
import time:       364 |        836 |                           pydantic_settings.sources.providers.pyproject
import time:       524 |        524 |                           pydantic_settings.sources.providers.secrets
import time:       527 |        527 |                           pydantic_settings.sources.providers.yaml
import time:       651 |      19778 |                         pydantic_settings.sources.providers
import time:        13 |      19790 |                       pydantic_settings.sources.providers.aws
import time:       880 |        880 |                       pydantic_settings.sources.providers.nested_secrets
import time:       375 |      25255 |                     pydantic_settings.sources
import time:      2651 |      39292 |                   pydantic_settings.main
import time:       227 |        227 |                   pydantic_settings.version
import time:       534 |      40499 |                 pydantic_settings
import time:       390 |        390 |                   starlette
import time:       363 |        363 |                       starlette.exceptions
import time:       406 |        768 |                     starlette.concurrency
import time:       324 |        324 |                     starlette.types
import time:      3153 |       4243 |                   starlette.datastructures
import time:       346 |        346 |                   starlette.middleware
import time:       712 |        712 |                       html.entities
import time:       356 |       1067 |                     html
import time:       623 |        623 |                     starlette._utils
import time:       691 |        691 |                       http.cookies
import time:       288 |        288 |                               python_multipart.exceptions
import time:       638 |        925 |                             python_multipart.decoders
import time:      4716 |       5641 |                           python_multipart.multipart
import time:       402 |       6042 |                         python_multipart
import time:      1427 |       7469 |                       starlette.formparsers
import time:      1530 |       9689 |                     starlette.requests
import time:       259 |        259 |                         hmac
import time:       277 |        536 |                       secrets
import time:       276 |        276 |                       starlette.background
import time:      2392 |       3203 |                     starlette.responses
import time:       858 |      15437 |                   starlette.middleware.errors
import time:      1112 |       1112 |                       starlette.websockets
import time:       345 |       1456 |                     starlette._exception_handler
import time:       513 |       1969 |                   starlette.middleware.exceptions
import time:       449 |        449 |                     starlette.convertors
import time:      3098 |       3547 |                   starlette.routing
import time:      1206 |      27135 |                 starlette.applications
import time:       687 |        687 |                   starlette.authentication
import time:       398 |       1085 |                 starlette.middleware.authentication
import time:       314 |        314 |                     mcp.server.auth
import time:       161 |        474 |                   mcp.server.auth.middleware
import time:      2784 |       2784 |                       mcp.shared.auth
import time:      2648 |       5431 |                     mcp.server.auth.provider
import time:       360 |       5790 |                   mcp.server.auth.middleware.bearer_auth
import time:       366 |       6629 |                 mcp.server.auth.middleware.auth_context
import time:       800 |        800 |                 mcp.server.auth.settings
import time:       196 |        196 |                 mcp.server.fastmcp.exceptions
import time:       650 |        650 |                     pydantic._internal._validate_call
import time:      3120 |       3769 |                   mcp.server.fastmcp.prompts.base
import time:       310 |        310 |                       mcp.server.fastmcp.utilities
import time:       381 |        691 |                     mcp.server.fastmcp.utilities.logging
import time:       387 |       1077 |                   mcp.server.fastmcp.prompts.manager
import time:       224 |       5069 |                 mcp.server.fastmcp.prompts
import time:      2096 |       2096 |                   mcp.server.fastmcp.resources.base
import time:      2586 |       2586 |                       mcp.server.fastmcp.resources.types
import time:       677 |       3262 |                     mcp.server.fastmcp.resources.templates
import time:       444 |       3705 |                   mcp.server.fastmcp.resources.resource_manager
import time:       257 |       6057 |                 mcp.server.fastmcp.resources
import time:      1226 |       1226 |                     mcp.server.fastmcp.utilities.func_metadata
import time:       859 |       2084 |                   mcp.server.fastmcp.tools.base
import time:       456 |        456 |                   mcp.server.fastmcp.tools.tool_manager
import time:       166 |       2705 |                 mcp.server.fastmcp.tools
import time:       427 |        427 |                 mcp.server.fastmcp.utilities.types
import time:       247 |        247 |                       mcp.server.lowlevel.helper_types
import time:       577 |        577 |                       mcp.server.models
import time:      1017 |       1017 |                       mcp.server.session
import time:       659 |        659 |                       mcp.server.stdio
import time:      1741 |       4239 |                     mcp.server.lowlevel.server
import time:       116 |       4354 |                   mcp.server.lowlevel
import time:        11 |       4365 |                 mcp.server.lowlevel.helper_types
import time:       708 |        708 |                     sse_starlette.event
import time:       366 |        366 |                       sse_starlette._utils
import time:       304 |        304 |                                   _compat_pickle
import time:        57 |         57 |                                   _pickle
import time:       680 |       1040 |                                 pickle
import time:        31 |         31 |                                   _queue
import time:       352 |        382 |                                 queue
import time:       529 |       1951 |                               logging.handlers
import time:       570 |        570 |                               socketserver
import time:       728 |       3248 |                             logging.config
import time:       810 |        810 |                             configparser
import time:       314 |        314 |                             uvicorn._ansi
import time:       457 |        457 |                             uvicorn._compat
import time:      1330 |       1330 |                             uvicorn._types
import time:       211 |        211 |                             uvicorn.importer
import time:       685 |        685 |                             uvicorn.logging
import time:        75 |         75 |                               uvicorn.middleware
import time:       315 |        389 |                             uvicorn.middleware.asgi2
import time:       451 |        451 |                             uvicorn.middleware.message_logger
import time:       691 |        691 |                             uvicorn.middleware.proxy_headers
import time:        66 |         66 |                               a2wsgi
import time:       990 |       1056 |                             uvicorn.middleware.wsgi
import time:      3025 |      12661 |                           uvicorn.config
import time:        40 |         40 |                               _wmi
import time:       483 |        523 |                             platform
import time:      1355 |       1355 |                             uvicorn.server
import time:       343 |        343 |                                       multiprocessing.process
import time:       287 |        287 |                                       multiprocessing.reduction
import time:       466 |       1095 |                                     multiprocessing.context
import time:       293 |       1387 |                                   multiprocessing
import time:        27 |         27 |                                     _multiprocessing
import time:       367 |        367 |                                     multiprocessing.util
import time:       151 |        151 |                                     _winapi
import time:       685 |       1229 |                                   multiprocessing.connection
import time:       217 |       2833 |                                 uvicorn._subprocess
import time:       719 |       3551 |                               uvicorn.supervisors.basereload
import time:      1685 |       1685 |                               uvicorn.supervisors.multiprocess
import time:        42 |         42 |                                 watchfiles
import time:       520 |        562 |                               uvicorn.supervisors.watchfilesreload
import time:       373 |        373 |                               uvicorn.supervisors.statreload
import time:       370 |       6538 |                             uvicorn.supervisors
import time:      1657 |      10072 |                           uvicorn.main
import time:       300 |      23033 |                         uvicorn
import time:         9 |      23041 |                       uvicorn.main
import time:      2094 |      25500 |                     sse_starlette.sse
import time:       420 |      26627 |                   sse_starlette
import time:       757 |      27384 |                 mcp.server.sse
import time:      2799 |       2799 |                 mcp.server.streamable_http
import time:       765 |        765 |                 mcp.server.streamable_http_manager
import time:      3358 |     129265 |               mcp.server.fastmcp.server
import time:      1081 |     130345 |             mcp.server.fastmcp
import time:       143 |     130487 |           mcp.server
import time:        14 |     130501 |         mcp.server.session
import time:       594 |     455052 |       mcp
import time:         7 |     455058 |     mcp.server
import time:         7 |     455064 |   mcp.server.fastmcp
import time:       354 |        354 |     markitdown.__about__
import time:      1528 |       1528 |           urllib3.exceptions
import time:       756 |        756 |                   urllib3.util.timeout
import time:       588 |       1344 |                 urllib3.util.connection
import time:       320 |        320 |                   urllib3.util.util
import time:        48 |         48 |                   brotlicffi
import time:        40 |         40 |                   brotli
import time:        31 |         31 |                   backports
import time:       782 |       1220 |                 urllib3.util.request
import time:       352 |        352 |                 urllib3.util.response
import time:      1395 |       1395 |                 urllib3.util.retry
import time:      3700 |       3700 |                   urllib3.util.url
import time:      1013 |       1013 |                   urllib3.util.ssltransport
import time:      1296 |       6009 |                 urllib3.util.ssl_
import time:       430 |        430 |                 urllib3.util.wait
import time:       269 |      11017 |               urllib3.util
import time:        13 |      11030 |             urllib3.util.connection
import time:       801 |      11830 |           urllib3._base_connection
import time:      1657 |       1657 |           urllib3._collections
import time:       401 |        401 |           urllib3._version
import time:       713 |        713 |                 urllib3.fields
import time:       305 |       1018 |               urllib3.filepost
import time:        94 |         94 |                 brotlicffi
import time:        37 |         37 |                 brotli
import time:       220 |        220 |                   urllib3.http2
import time:       552 |        552 |                   urllib3.http2.probe
import time:       529 |        529 |                   urllib3.util.ssl_match_hostname
import time:      2705 |       4003 |                 urllib3.connection
import time:        48 |         48 |                 backports
import time:      3755 |       7935 |               urllib3.response
import time:       619 |       9571 |             urllib3._request_methods
import time:       143 |        143 |             urllib3.util.proxy
import time:      2344 |      12057 |           urllib3.connectionpool
import time:      1817 |       1817 |           urllib3.poolmanager
import time:       704 |      29991 |         urllib3
import time:      1242 |       1242 |                 ada92cb5d92a588d1b93__mypyc
import time:      3610 |       3610 |                 charset_normalizer.constant
import time:      1403 |       1403 |                 charset_normalizer.utils
import time:      1324 |       1324 |                 charset_normalizer.models
import time:      1509 |       9085 |               charset_normalizer.cd
import time:        30 |         30 |               _multibytecodec
import time:      2487 |      11602 |             charset_normalizer.api
import time:       510 |        510 |             charset_normalizer.legacy
import time:       324 |        324 |             charset_normalizer.version
import time:        58 |         58 |             simplejson
import time:       752 |      13244 |           requests.compat
import time:      1151 |      14395 |         requests.exceptions
import time:        35 |         35 |         chardet
import time:       444 |        444 |         requests.packages
import time:       523 |        523 |               certifi.core
import time:       342 |        865 |             certifi
import time:       239 |       1104 |           requests.certs
import time:       212 |        212 |           requests.__version__
import time:       424 |        424 |           requests._internal_utils
import time:       735 |        735 |           requests._types
import time:      1856 |       1856 |           requests.cookies
import time:       613 |        613 |           requests.structures
import time:       167 |        167 |               importlib.resources._itertools
import time:       268 |        434 |             importlib.resources.readers
import time:       222 |        656 |           importlib.readers
import time:      2787 |       8384 |         requests.utils
import time:      1233 |       1233 |               requests.auth
import time:       337 |        337 |                   stringprep
import time:       340 |        677 |                 encodings.idna
import time:       280 |        280 |                 requests.hooks
import time:       761 |        761 |                 requests.status_codes
import time:      2950 |       4666 |               requests.models
import time:        71 |         71 |                 urllib3.contrib
import time:        61 |         61 |                 socks
import time:       707 |        838 |               urllib3.contrib.socks
import time:      1666 |       8401 |             requests.adapters
import time:      1943 |      10344 |           requests.sessions
import time:       442 |      10785 |         requests.api
import time:       755 |      64786 |       requests
import time:       925 |        925 |             numpy.version
import time:       294 |        294 |             numpy._expired_attrs_2_0
import time:       311 |        311 |                 numpy._utils._conversions
import time:       350 |        661 |               numpy._utils
import time:       391 |       1052 |             numpy._globals
import time:        17 |         17 |               numpy._distributor_init_local
import time:       312 |        329 |             numpy._distributor_init
import time:       473 |        473 |                       numpy.exceptions
import time:       852 |        852 |                       numpy._core._exceptions
import time:       319 |        319 |                       numpy._core.printoptions
import time:      6871 |       6871 |                       numpy.dtypes
import time:      7553 |      16066 |                     numpy._core._multiarray_umath
import time:       663 |        663 |                       numpy._utils._inspect
import time:       726 |       1388 |                     numpy._core.overrides
import time:      2508 |      19961 |                   numpy._core.multiarray
import time:       483 |        483 |                   numpy._core.umath
import time:       296 |        296 |                     numpy._core._string_helpers
import time:       551 |        551 |                     numpy._core._type_aliases
import time:       915 |       1761 |                   numpy._core.numerictypes
import time:      1275 |       1275 |                           numpy._core._methods
import time:      3084 |       4358 |                         numpy._core.fromnumeric
import time:      1495 |       5853 |                       numpy._core.shape_base
import time:       678 |        678 |                       numpy._core._ufunc_config
import time:       495 |        495 |                       numpy._core._asarray
import time:      3783 |       3783 |                       numpy._core.arrayprint
import time:      3192 |      13998 |                     numpy._core.numeric
import time:      3028 |      17026 |                   numpy._core.einsumfunc
import time:       963 |        963 |                   numpy._core.function_base
import time:      1107 |       1107 |                   numpy._core.getlimits
import time:       734 |        734 |                   numpy._core.memmap
import time:      2304 |       2304 |                   numpy._core.records
import time:      5071 |       5071 |                   numpy._core._add_newdocs
import time:       994 |        994 |                   numpy._core._add_newdocs_scalars
import time:      1150 |       1150 |                   numpy._core._dtype
import time:       475 |        475 |                   numpy._core._dtype_ctypes
import time:        72 |         72 |                       _ctypes
import time:       535 |        535 |                       ctypes._endian
import time:       856 |       1463 |                     ctypes
import time:      2895 |       4358 |                   numpy._core._internal
import time:       432 |        432 |                   numpy._pytesttester
import time:      1031 |      57843 |                 numpy._core
import time:        10 |      57853 |               numpy._core._multiarray_umath
import time:       597 |      58450 |             numpy.__config__
import time:       395 |        395 |                               numpy._typing._nbit_base
import time:       496 |        496 |                               numpy._typing._nested_sequence
import time:       135 |        135 |                               numpy._typing._shape
import time:       701 |       1725 |                             numpy._typing._array_like
import time:       710 |        710 |                             numpy._typing._char_codes
import time:       453 |        453 |                             numpy._typing._dtype_like
import time:       154 |        154 |                             numpy._typing._nbit
import time:       154 |        154 |                             numpy._typing._scalars
import time:        93 |         93 |                             numpy._typing._ufunc
import time:       597 |       3884 |                           numpy._typing
import time:       410 |        410 |                               numpy.lib._array_utils_impl
import time:      1047 |       1456 |                             numpy.lib._stride_tricks_impl
import time:      1390 |       2845 |                           numpy.lib._twodim_base_impl
import time:       290 |        290 |                           numpy.lib.array_utils
import time:      1798 |       1798 |                           numpy.linalg._umath_linalg
import time:      4645 |      13461 |                         numpy.linalg._linalg
import time:       282 |      13742 |                       numpy.linalg
import time:      1531 |      15273 |                     numpy.matrixlib.defmatrix
import time:       358 |      15630 |                   numpy.matrixlib
import time:      2087 |       2087 |                     numpy.lib._histograms_impl
import time:      9022 |      11109 |                   numpy.lib._function_base_impl
import time:      1759 |      28497 |                 numpy.lib._index_tricks_impl
import time:      2075 |      30572 |               numpy.lib._arraypad_impl
import time:      2105 |       2105 |               numpy.lib._arraysetops_impl
import time:       878 |        878 |               numpy.lib._arrayterator_impl
import time:      2564 |       2564 |               numpy.lib._nanfunctions_impl
import time:      1392 |       1392 |                     numpy.lib._utils_impl
import time:      1769 |       3161 |                   numpy.lib._format_impl
import time:       314 |       3474 |                 numpy.lib.format
import time:      1131 |       1131 |                 numpy.lib._datasource
import time:      2050 |       2050 |                 numpy.lib._iotools
import time:      4786 |      11441 |               numpy.lib._npyio_impl
import time:       422 |        422 |                   numpy.lib._ufunclike_impl
import time:       968 |       1389 |                 numpy.lib._type_check_impl
import time:      2490 |       3879 |               numpy.lib._polynomial_impl
import time:      1819 |       1819 |               numpy.lib._shape_base_impl
import time:       592 |        592 |               numpy.lib._version
import time:       302 |        302 |               numpy.lib.introspect
import time:       506 |        506 |               numpy.lib.mixins
import time:       191 |        191 |               numpy.lib.npyio
import time:       898 |        898 |                 numpy.lib._scimath_impl
import time:       174 |       1071 |               numpy.lib.scimath
import time:       114 |        114 |               numpy.lib.stride_tricks
import time:       553 |      56579 |             numpy.lib
import time:       719 |        719 |             numpy._array_api_info
import time:      3106 |     121449 |           numpy
import time:       470 |        470 |             numpy._typing._add_docstring
import time:       523 |        992 |           numpy.typing
import time:       530 |        530 |               onnxruntime.capi
import time:       203 |        203 |               onnxruntime.capi._ld_preload
import time:     35776 |      35776 |               onnxruntime.capi.onnxruntime_pybind11_state
import time:       515 |      37022 |             onnxruntime.capi._pybind_state
import time:       704 |        704 |             onnxruntime.capi.onnxruntime_validation
import time:      3915 |       3915 |             onnxruntime.capi.onnxruntime_inference_collection
import time:        31 |         31 |             onnxruntime.experimental
import time:       288 |        288 |             onnxruntime.capi.build_and_package_info
import time:      1698 |      43655 |           onnxruntime
import time:       299 |        299 |             magika.colors
import time:       572 |        871 |           magika.logger
import time:       278 |        278 |                 magika.types.strenum
import time:      1914 |       2191 |               magika.types.content_type_label
import time:       758 |       2949 |             magika.types.content_type_info
import time:       130 |        130 |             magika.types.magika_error
import time:       218 |        218 |               magika.types.overwrite_reason
import time:       477 |        695 |             magika.types.magika_prediction
import time:       170 |        170 |               magika.types.status
import time:       490 |        659 |             magika.types.magika_result
import time:      1189 |       1189 |             magika.types.model
import time:       206 |        206 |             magika.types.prediction_mode
import time:       167 |        167 |             magika.types.seekable
import time:       379 |       6371 |           magika.types
import time:      2340 |     175677 |         magika.magika
import time:       787 |     176463 |       magika
import time:       611 |        611 |       markitdown._stream_info
import time:       497 |        497 |       markitdown._uri_utils
import time:       326 |        326 |           markitdown._base_converter
import time:       408 |        408 |                 cobble.inflection
import time:       978 |       1386 |               cobble
import time:       422 |        422 |                 mammoth.lists
import time:       508 |        929 |               mammoth.results
import time:       508 |        508 |               mammoth.zips
import time:      2663 |       2663 |                 mammoth.documents
import time:       434 |       3097 |               mammoth.docx.document_xml
import time:       359 |        359 |               mammoth.docx.content_types_xml
import time:       341 |        341 |               mammoth.docx.relationships_xml
import time:       650 |        650 |                 mammoth.docx.styles_xml
import time:       859 |       1508 |               mammoth.docx.numbering_xml
import time:       403 |        403 |               mammoth.docx.notes_xml
import time:       250 |        250 |               mammoth.docx.comments_xml
import time:        61 |         61 |                 urllib2
import time:       267 |        328 |               mammoth.docx.files
import time:       326 |        326 |                 mammoth.transforms
import time:       264 |        264 |                 mammoth.docx.complex_fields
import time:      3562 |       3562 |                 mammoth.docx.dingbats
import time:       347 |        347 |                       xml
import time:       208 |        208 |                       xml.dom.domreg
import time:       626 |       1180 |                     xml.dom
import time:       276 |        276 |                     xml.dom.minicompat
import time:       156 |        156 |                       xml.dom.NodeFilter
import time:       321 |        477 |                     xml.dom.xmlbuilder
import time:      1193 |       3125 |                   xml.dom.minidom
import time:       696 |       3821 |                 mammoth.docx.xmlparser
import time:       143 |        143 |                 mammoth.docx.uris
import time:      2436 |      10548 |               mammoth.docx.body_xml
import time:       187 |        187 |               mammoth.docx.office_xml
import time:      1435 |      21274 |             mammoth.docx
import time:       961 |        961 |                   mammoth.html.nodes
import time:       681 |       1642 |                 mammoth.html
import time:       516 |       2157 |               mammoth.html_paths
import time:       320 |        320 |               mammoth.images
import time:       237 |        237 |                         xml.sax.handler
import time:       208 |        208 |                         xml.sax._exceptions
import time:       439 |        883 |                       xml.sax.xmlreader
import time:       334 |       1216 |                     xml.sax
import time:       269 |       1485 |                   xml.sax.saxutils
import time:       141 |        141 |                   mammoth.writers.abc
import time:       367 |       1992 |                 mammoth.writers.html
import time:       804 |        804 |                 mammoth.writers.markdown
import time:       150 |       2945 |               mammoth.writers
import time:      2153 |       7573 |             mammoth.conversion
import time:       194 |        194 |                 mammoth.styles
import time:       197 |        197 |                 mammoth.styles.parser.errors
import time:       524 |        524 |                   mammoth.styles.parser.tokeniser
import time:       692 |        692 |                     mammoth.document_matchers
import time:       190 |        190 |                     mammoth.styles.parser.token_parser
import time:       609 |       1489 |                   mammoth.styles.parser.document_matcher_parser
import time:       572 |        572 |                   mammoth.styles.parser.html_path_parser
import time:       145 |       2729 |                 mammoth.styles.parser.style_mapping_parser
import time:       289 |        289 |                 mammoth.styles.parser.token_iterator
import time:       273 |       3680 |               mammoth.styles.parser
import time:      1014 |       4694 |             mammoth.options
import time:       269 |        269 |             mammoth.underline
import time:       199 |        199 |             mammoth.raw_text
import time:       471 |        471 |               xml.etree
import time:       483 |        483 |                 xml.etree.ElementPath
import time:        78 |         78 |                   pyexpat
import time:        53 |        131 |                 _elementtree
import time:       945 |       1558 |               xml.etree.ElementTree
import time:       434 |       2461 |             mammoth.docx.style_map
import time:       558 |      37025 |           mammoth
import time:       507 |      37858 |         markitdown.converters._plain_text_converter
import time:       855 |        855 |                   bs4._typing
import time:       970 |        970 |                     soupsieve.__meta__
import time:       741 |        741 |                       soupsieve.util
import time:      1168 |       1168 |                           soupsieve.pretty
import time:      1678 |       2845 |                         soupsieve.css_types
import time:      5689 |       8534 |                       soupsieve.css_match
import time:      5790 |      15063 |                     soupsieve.css_parser
import time:       885 |      16916 |                   soupsieve
import time:       923 |      18693 |                 bs4.css
import time:       404 |        404 |                 bs4._deprecation
import time:       124 |        124 |                     cchardet
import time:        46 |         46 |                     chardet
import time:      3542 |       3710 |                   bs4.dammit
import time:       871 |       4580 |                 bs4.formatter
import time:       643 |        643 |                 bs4._warnings
import time:      1813 |       1813 |                 bs4.filter
import time:      7246 |      33378 |               bs4.element
import time:       330 |        330 |               bs4.exceptions
import time:       387 |        387 |                   _markupbase
import time:       736 |       1123 |                 html.parser
import time:      1303 |       2425 |               bs4.builder._htmlparser
import time:        63 |         63 |                 html5lib
import time:      1706 |       1768 |               bs4.builder._html5lib
import time:       492 |        492 |                 lxml
import time:      1638 |       1638 |                   lxml._elementpath
import time:       480 |        480 |                   gzip
import time:        57 |         57 |                   rnc2rng
import time:      8593 |      10766 |                 lxml.etree
import time:      1542 |      12800 |               bs4.builder._lxml
import time:      2084 |      52781 |             bs4.builder
import time:      2863 |      55644 |           bs4
import time:      3236 |       3236 |               six
import time:      2971 |       6206 |             markdownify
import time:       780 |       6986 |           markitdown.converters._markdownify
import time:       381 |      63009 |         markitdown.converters._html_converter
import time:       201 |        201 |                 xml.parsers
import time:       208 |        409 |               xml.parsers.expat
import time:       679 |       1088 |             defusedxml.common
import time:       473 |       1560 |           defusedxml
import time:       572 |        572 |               xml.dom.expatbuilder
import time:       544 |       1115 |             defusedxml.expatbuilder
import time:       295 |        295 |               xml.dom.pulldom
import time:       237 |        237 |                   xml.sax.expatreader
import time:       241 |        478 |                 defusedxml.expatreader
import time:       190 |        667 |               defusedxml.sax
import time:       331 |       1292 |             defusedxml.pulldom
import time:       311 |       2717 |           defusedxml.minidom
import time:       876 |       5152 |         markitdown.converters._rss_converter
import time:       405 |        405 |         markitdown.converters._wikipedia_converter
import time:       608 |        608 |               youtube_transcript_api.proxies
import time:         2 |          2 |                   _elementtree
import time:       913 |        914 |                 defusedxml.ElementTree
import time:        93 |         93 |                   youtube_transcript_api._settings
import time:       786 |        878 |                 youtube_transcript_api._errors
import time:      2186 |       3978 |               youtube_transcript_api._transcripts
import time:       850 |       5434 |             youtube_transcript_api._api
import time:       296 |       5730 |           youtube_transcript_api
import time:       943 |       6672 |         markitdown.converters._youtube_converter
import time:       448 |        448 |           markitdown._exceptions
import time:       545 |        992 |         markitdown.converters._ipynb_converter
import time:       559 |        559 |         markitdown.converters._bing_serp_converter
import time:       853 |        853 |           pdfminer
import time:       412 |        412 |                   pdfminer.psexceptions
import time:       517 |        928 |                 pdfminer.pdfexceptions
import time:      2642 |       3569 |               pdfminer.utils
import time:      1487 |       1487 |                 pdfminer.jbig2
import time:       218 |        218 |                       pdfminer.settings
import time:      2381 |       2599 |                     pdfminer.psparser
import time:       343 |       2942 |                   pdfminer.pdfcolor
import time:       556 |        556 |                     pdfminer.casting
import time:      8974 |       8974 |                         pdfminer.glyphlist
import time:      1474 |       1474 |                         pdfminer.latin_enc
import time:       773 |      11220 |                       pdfminer.encodingdb
import time:      2119 |      13338 |                     pdfminer.cmapdb
import time:      7328 |       7328 |                     pdfminer.fontmetrics
import time:       398 |        398 |                       pdfminer.ascii85
import time:      2847 |       2847 |                       pdfminer.ccitt
import time:       666 |        666 |                       pdfminer.lzw
import time:       306 |        306 |                       pdfminer.runlength
import time:      1887 |       6103 |                     pdfminer.pdftypes
import time:      3976 |      31300 |                   pdfminer.pdffont
import time:       456 |        456 |                                 cryptography.__about__
import time:       409 |        864 |                               cryptography
import time:       206 |       1070 |                             cryptography.hazmat
import time:       308 |       1377 |                           cryptography.hazmat.backends
import time:       398 |        398 |                             cryptography.hazmat.primitives
import time:       777 |        777 |                               cryptography.utils
import time:       385 |       1162 |                             cryptography.hazmat.primitives._cipheralgorithm
import time:        95 |         95 |                                 cryptography.hazmat.bindings
import time:      1868 |       1868 |                                 _cffi_backend
import time:     12606 |      14568 |                               cryptography.hazmat.bindings._rust
import time:       365 |        365 |                                 cryptography.exceptions
import time:       363 |        363 |                                     cryptography.hazmat.decrepit
import time:       329 |        692 |                                   cryptography.hazmat.decrepit.ciphers
import time:       527 |        527 |                                   cryptography.hazmat.primitives._modes
import time:       465 |       1684 |                                 cryptography.hazmat.decrepit.ciphers.modes
import time:      1223 |       1223 |                                   cryptography.hazmat.decrepit.ciphers.algorithms
import time:       484 |       1706 |                                 cryptography.hazmat.primitives.ciphers.algorithms
import time:       700 |       4453 |                               cryptography.hazmat.primitives.ciphers.modes
import time:       721 |      19741 |                             cryptography.hazmat.primitives.ciphers.base
import time:       948 |      22248 |                           cryptography.hazmat.primitives.ciphers
import time:       419 |        419 |                           pdfminer.arcfour
import time:       770 |        770 |                             pdfminer.pdfparser
import time:       429 |       1198 |                           pdfminer.data_structures
import time:      3949 |      29189 |                         pdfminer.pdfdocument
import time:       860 |      30048 |                       pdfminer.pdfpage
import time:      1112 |      31160 |                     pdfminer.pdfdevice
import time:      4265 |      35424 |                   pdfminer.pdfinterp
import time:      3491 |      73155 |                 pdfminer.layout
import time:      1126 |      75766 |               pdfminer.image
import time:      3435 |      82769 |             pdfminer.converter
import time:       912 |      83680 |           pdfminer.high_level
import time:       317 |        317 |                 pdfplumber._typing
import time:       552 |        869 |               pdfplumber.utils.clustering
import time:       258 |        258 |               pdfplumber.utils.generic
import time:      1317 |       1317 |               pdfplumber.utils.geometry
import time:       131 |        131 |                 pdfplumber.utils.exceptions
import time:       587 |        717 |               pdfplumber.utils.pdfinternals
import time:      2762 |       2762 |               pdfplumber.utils.text
import time:       534 |       6454 |             pdfplumber.utils
import time:       254 |        254 |             pdfplumber._version
import time:       651 |        651 |                 pdfplumber.convert
import time:       861 |       1512 |               pdfplumber.container
import time:      2147 |       2147 |                 pdfplumber.structure
import time:      2915 |       2915 |                 pdfplumber.table
import time:      2736 |       7798 |               pdfplumber.page
import time:       372 |        372 |               pdfplumber.repair
import time:       977 |      10656 |             pdfplumber.pdf
import time:       403 |      17767 |           pdfplumber
import time:      1806 |     104105 |         markitdown.converters._pdf_converter
import time:        71 |         71 |               markitdown.converter_utils
import time:       284 |        355 |             markitdown.converter_utils.docx
import time:        61 |         61 |               markitdown.converter_utils.docx.math
import time:       594 |        594 |               markitdown.converter_utils.docx.math.latex_dict
import time:      1369 |       2023 |             markitdown.converter_utils.docx.math.omml
import time:       669 |       3046 |           markitdown.converter_utils.docx.pre_process
import time:       432 |       3478 |         markitdown.converters._docx_converter
import time:       332 |        332 |               dateutil._version
import time:       286 |        617 |             dateutil
import time:       563 |        563 |               pandas.compat._constants
import time:       324 |        324 |                   pandas.util
import time:      2018 |       2342 |                 pandas.util.version
import time:       384 |       2725 |               pandas.compat.numpy
import time:        56 |         56 |                 pyarrow
import time:       370 |        425 |               pandas.compat.pyarrow
import time:       684 |       4396 |             pandas.compat
import time:      1538 |       1538 |                         numpy.random._common
import time:      1561 |       3098 |                       numpy.random.bit_generator
import time:      1559 |       4656 |                     numpy.random._bounded_integers
import time:      1290 |       1290 |                         numpy.random._pcg64
import time:      2525 |       3815 |                       numpy.random._generator
import time:      1293 |       1293 |                       numpy.random._mt19937
import time:      1938 |       1938 |                       numpy.random._philox
import time:      1835 |       1835 |                       numpy.random._sfc64
import time:      2527 |       2527 |                       numpy.random.mtrand
import time:       574 |      11979 |                     numpy.random._pickle
import time:       402 |      17036 |                   numpy.random
import time:      2473 |      19508 |                 pandas._typing
import time:       549 |        549 |                 pandas.util._exceptions
import time:      2226 |      22283 |               pandas._config.config
import time:       337 |        337 |               pandas._config.dates
import time:       331 |        331 |               pandas._config.display
import time:       418 |      23368 |             pandas._config
import time:        77 |         77 |               pandas.core
import time:      1484 |       1484 |                     pandas._libs.pandas_parser
import time:      1096 |       1096 |                     pandas._libs.pandas_datetime
import time:      1573 |       1573 |                                   pandas._libs._cyutility
import time:      1421 |       2993 |                                 pandas._libs.tslibs.ccalendar
import time:      1841 |       1841 |                                 pandas._libs.tslibs.np_datetime
import time:      1908 |       6742 |                               pandas._libs.tslibs.dtypes
import time:      1535 |       1535 |                                 pandas._libs.tslibs.base
import time:      1843 |       1843 |                                     pandas._libs.tslibs.nattype
import time:      1181 |       1181 |                                         zoneinfo._zoneinfo
import time:       663 |        663 |                                         pandas.compat._optional
import time:        24 |         24 |                                             six.moves
import time:       930 |        930 |                                             dateutil.tz._common
import time:       432 |        432 |                                             dateutil.tz._factories
import time:        11 |         11 |                                               six.moves.winreg
import time:      1062 |       1072 |                                             dateutil.tz.win
import time:      4049 |       6505 |                                           dateutil.tz.tz
import time:       317 |       6821 |                                         dateutil.tz
import time:      2134 |      10799 |                                       pandas._libs.tslibs.timezones
import time:      2118 |       2118 |                                         pandas._libs.properties
import time:      1279 |       3397 |                                       pandas.util._decorators
import time:       888 |        888 |                                         _strptime
import time:       601 |        601 |                                         pandas._config.localization
import time:      1726 |       3213 |                                       pandas._libs.tslibs.fields
import time:      2115 |      19522 |                                     pandas._libs.tslibs.timedeltas
import time:      1859 |       1859 |                                     pandas._libs.tslibs.tzconversion
import time:      2287 |      25509 |                                   pandas._libs.tslibs.timestamps
import time:       422 |        422 |                                   dateutil.easter
import time:      3126 |      29057 |                                 pandas._libs.tslibs.offsets
import time:       367 |        367 |                                       dateutil._common
import time:      6312 |       6679 |                                     dateutil.parser._parser
import time:      1111 |       1111 |                                     dateutil.parser.isoparser
import time:       417 |       8207 |                                   dateutil.parser
import time:      2161 |       2161 |                                   pandas._libs.tslibs.strptime
import time:      2222 |      12589 |                                 pandas._libs.tslibs.parsing
import time:      1670 |      44849 |                               pandas._libs.tslibs.conversion
import time:      1604 |       1604 |                               pandas._libs.tslibs.period
import time:      1246 |       1246 |                               pandas._libs.tslibs.vectorized
import time:       400 |      54839 |                             pandas._libs.tslibs
import time:        11 |      54850 |                           pandas._libs.tslibs.nattype
import time:      1361 |       1361 |                           pandas._libs.ops_dispatch
import time:      1550 |      57760 |                         pandas._libs.missing
import time:      3000 |      60760 |                       pandas._libs.hashtable
import time:      2461 |       2461 |                       pandas._libs.algos
import time:      2599 |      65820 |                     pandas._libs.interval
import time:       423 |      68821 |                   pandas._libs
import time:        11 |      68831 |                 pandas._libs.tslibs
import time:      1085 |      69915 |               pandas.errors
import time:      1892 |      71883 |             pandas.core.config_init
import time:        74 |         74 |                 pandas.core.dtypes
import time:      2550 |       2550 |                 pandas._libs.lib
import time:       624 |        624 |                   pandas.core.dtypes.generic
import time:      1191 |       1814 |                 pandas.core.dtypes.base
import time:       713 |        713 |                 pandas.core.dtypes.inference
import time:      5950 |      11100 |               pandas.core.dtypes.dtypes
import time:      2187 |       2187 |                 pandas.core.dtypes.common
import time:      1795 |       3982 |               pandas.core.dtypes.missing
import time:       458 |        458 |                     pandas.io
import time:      1359 |       1817 |                   pandas.io._util
import time:      4287 |       6104 |                 pandas.core.dtypes.cast
import time:       936 |        936 |                   pandas.core.dtypes.astype
import time:       909 |       1845 |                 pandas.core.dtypes.concat
import time:       402 |        402 |                   pandas.core.array_algos
import time:     17043 |      17043 |                       numpy.ma.core
import time:      3890 |       3890 |                       numpy.ma.extras
import time:       436 |      21368 |                     numpy.ma
import time:      2736 |       2736 |                       pandas.core.col
import time:      1581 |       4316 |                     pandas.core.common
import time:      1733 |      27416 |                   pandas.core.construction
import time:      1817 |      29634 |                 pandas.core.array_algos.take
import time:      1277 |       1277 |                   pandas.core.indexers.utils
import time:       448 |       1724 |                 pandas.core.indexers
import time:      3119 |      42425 |               pandas.core.algorithms
import time:      1177 |       1177 |                   pandas.core.arrays.arrow.accessors
import time:      2917 |       2917 |                     pandas.core.missing
import time:      2137 |       2137 |                         pandas._libs.ops
import time:       444 |        444 |                         pandas.core.roperator
import time:        79 |         79 |                         pandas.core.computation
import time:       382 |        382 |                           pandas.core.computation.check
import time:      1091 |       1472 |                         pandas.core.computation.expressions
import time:       580 |        580 |                         pandas.core.ops.missing
import time:       255 |        255 |                         pandas.core.ops.dispatch
import time:       381 |        381 |                         pandas.core.ops.invalid
import time:      1895 |       7240 |                       pandas.core.ops.array_ops
import time:       577 |        577 |                       pandas.core.ops.common
import time:       869 |        869 |                       pandas.core.ops.docstrings
import time:       520 |        520 |                       pandas.core.ops.mask_ops
import time:       540 |       9746 |                     pandas.core.ops
import time:      1573 |       1573 |                     pandas.core.arraylike
import time:      1876 |       1876 |                     pandas.core.arrays._arrow_string_mixins
import time:       465 |        465 |                     pandas.core.arrays._utils
import time:      1111 |       1111 |                         pandas.util._validators
import time:      1165 |       2275 |                       pandas.compat.numpy.function
import time:       521 |        521 |                       pandas.core.array_algos.quantile
import time:      1829 |       1829 |                       pandas.core.sorting
import time:      4090 |       8715 |                     pandas.core.arrays.base
import time:      4333 |       4333 |                       pandas.core.nanops
import time:       495 |        495 |                       pandas.core.array_algos.masked_accumulations
import time:       574 |        574 |                       pandas.core.array_algos.masked_reductions
import time:       279 |        279 |                       pandas.core.array_algos.transforms
import time:        79 |         79 |                         pandas.core.util
import time:      2039 |       2039 |                         pandas._libs.hashing
import time:      1320 |       3438 |                       pandas.core.util.hashing
import time:      5271 |      14387 |                     pandas.core.arrays.masked
import time:      2124 |       2124 |                       pandas._libs.arrays
import time:      1361 |       1361 |                         pandas.core.arrays.numeric
import time:       716 |       2076 |                       pandas.core.arrays.floating
import time:       813 |        813 |                       pandas.core.arrays.integer
import time:      1982 |       1982 |                         pandas.core.arrays._mixins
import time:       368 |        368 |                           pandas.core.strings
import time:      2716 |       3083 |                         pandas.core.strings.object_array
import time:      1869 |       6933 |                       pandas.core.arrays.numpy_
import time:       428 |        428 |                       pandas.io.formats
import time:       687 |        687 |                         pandas.io.formats.console
import time:      2777 |       3464 |                       pandas.io.formats.printing
import time:      3815 |      19651 |                     pandas.core.arrays.string_
import time:       360 |        360 |                       pandas.tseries
import time:      2103 |       2463 |                     pandas.tseries.frequencies
import time:     10667 |      72457 |                   pandas.core.arrays.arrow.array
import time:       766 |      74399 |                 pandas.core.arrays.arrow
import time:      1750 |       1750 |                 pandas.core.arrays.boolean
import time:       926 |        926 |                   pandas.core.accessor
import time:      2316 |       2316 |                   pandas.core.base
import time:      5871 |       9113 |                 pandas.core.arrays.categorical
import time:      2432 |       2432 |                   pandas._libs.tslib
import time:       651 |        651 |                     pandas.core.array_algos.datetimelike_accumulations
import time:      7048 |       7698 |                   pandas.core.arrays.datetimelike
import time:       738 |        738 |                   pandas.core.arrays._ranges
import time:       322 |        322 |                   pandas.tseries.offsets
import time:      4750 |      15938 |                 pandas.core.arrays.datetimes
import time:      3296 |       3296 |                   pandas.core.arrays.timedeltas
import time:      4554 |       7850 |                 pandas.core.arrays.interval
import time:      3360 |       3360 |                 pandas.core.arrays.period
import time:      2721 |       2721 |                       pandas._libs.sparse
import time:      5235 |       7955 |                     pandas.core.arrays.sparse.array
import time:      1267 |       9222 |                   pandas.core.arrays.sparse.accessor
import time:       381 |       9602 |                 pandas.core.arrays.sparse
import time:      2397 |       2397 |                 pandas.core.arrays.string_arrow
import time:       692 |     125096 |               pandas.core.arrays
import time:      2049 |       2049 |               pandas.core.flags
import time:      2333 |       2333 |                     pandas._libs.internals
import time:       145 |        145 |                       pandas.core._numba
import time:       477 |        477 |                       pandas.core.util.numba_
import time:      1133 |       1753 |                     pandas.core._numba.executor
import time:      7056 |      11141 |                   pandas.core.apply
import time:       484 |        484 |                     pandas.errors.cow
import time:      1621 |       1621 |                         pandas._libs.indexing
import time:       115 |        115 |                           pandas.core.indexes
import time:      3098 |       3098 |                             pandas._libs.index
import time:      2055 |       2055 |                             pandas._libs.writers
import time:      2282 |       2282 |                             pandas._libs.join
import time:       726 |        726 |                             pandas.core.array_algos.putmask
import time:       730 |        730 |                             pandas.core.indexes.frozen
import time:      4422 |       4422 |                             pandas.core.strings.accessor
import time:     16318 |      29629 |                           pandas.core.indexes.base
import time:       686 |        686 |                             pandas.core.indexes.extension
import time:      1234 |       1919 |                           pandas.core.indexes.category
import time:      4406 |       4406 |                               pandas.core.indexes.range
import time:       136 |        136 |                                 pandas.core.tools
import time:       692 |        827 |                               pandas.core.tools.timedeltas
import time:      2305 |       7537 |                             pandas.core.indexes.datetimelike
import time:       742 |        742 |                             pandas.core.tools.times
import time:      2429 |      10707 |                           pandas.core.indexes.datetimes
import time:      9690 |       9690 |                             pandas.core.indexes.multi
import time:      1095 |       1095 |                             pandas.core.indexes.timedeltas
import time:      3184 |      13968 |                           pandas.core.indexes.interval
import time:      1608 |       1608 |                           pandas.core.indexes.period
import time:      1271 |      59214 |                         pandas.core.indexes.api
import time:      6437 |      67271 |                       pandas.core.indexing
import time:       580 |        580 |                       pandas.core.sample
import time:       559 |        559 |                       pandas.core.array_algos.replace
import time:      5665 |       5665 |                           pandas.core.internals.blocks
import time:       558 |       6222 |                         pandas.core.internals.api
import time:       809 |        809 |                             pandas.core.internals.ops
import time:      7038 |       7847 |                           pandas.core.internals.managers
import time:      1648 |       9495 |                         pandas.core.internals.concat
import time:       458 |      16174 |                       pandas.core.internals
import time:        90 |         90 |                         pandas.core.methods
import time:        74 |         74 |                           pandas.core.reshape
import time:      2601 |       2675 |                         pandas.core.reshape.concat
import time:        70 |         70 |                             mmap
import time:        22 |         22 |                               pwd
import time:        17 |         17 |                               grp
import time:       967 |       1005 |                             tarfile
import time:      3748 |       4822 |                           pandas.io.common
import time:      5970 |      10791 |                         pandas.io.formats.format
import time:      1129 |      14684 |                       pandas.core.methods.describe
import time:       411 |        411 |                       pandas.core.shared_docs
import time:       112 |        112 |                             pandas._libs.window
import time:      3207 |       3319 |                           pandas._libs.window.aggregations
import time:      2894 |       2894 |                             pandas._libs.window.indexers
import time:      1380 |       4273 |                           pandas.core.indexers.objects
import time:      1491 |       1491 |                           pandas.core.window.common
import time:      1424 |       1424 |                           pandas.core.window.numba_
import time:       822 |        822 |                           pandas.core.window.online
import time:      6519 |       6519 |                           pandas.core.window.rolling
import time:      2127 |      19971 |                         pandas.core.window.ewm
import time:      1402 |       1402 |                         pandas.core.window.expanding
import time:       381 |      21753 |                       pandas.core.window
import time:     17485 |     138914 |                     pandas.core.generic
import time:      2983 |       2983 |                     pandas.core.internals.construction
import time:      1057 |       1057 |                     pandas.core.methods.selectn
import time:       769 |        769 |                       pandas.core.tools.numeric
import time:      1237 |       2006 |                     pandas.core.reshape.melt
import time:      2154 |       2154 |                       pandas._libs.reshape
import time:      1778 |       1778 |                       pandas.core.indexes.accessors
import time:       425 |        425 |                         pandas.arrays
import time:      2505 |       2929 |                       pandas.core.tools.datetimes
import time:      2384 |       2384 |                       pandas.io.formats.info
import time:      2289 |       2289 |                         pandas.plotting._core
import time:       972 |        972 |                         pandas.plotting._misc
import time:       312 |       3572 |                       pandas.plotting
import time:     11938 |      24753 |                     pandas.core.series
import time:     25548 |     195742 |                   pandas.core.frame
import time:       803 |        803 |                   pandas.core.groupby.base
import time:      2567 |       2567 |                     pandas._libs.groupby
import time:       650 |        650 |                     pandas.core.groupby.numba_
import time:       400 |        400 |                         pandas.core.groupby.categorical
import time:      2387 |       2787 |                       pandas.core.groupby.grouper
import time:      3601 |       6387 |                     pandas.core.groupby.ops
import time:       927 |        927 |                     pandas.core.groupby.indexing
import time:      7917 |      18446 |                   pandas.core.groupby.groupby
import time:      5898 |     232028 |                 pandas.core.groupby.generic
import time:       753 |     232781 |               pandas.core.groupby
import time:       662 |     418092 |             pandas.core.api
import time:       274 |        274 |             pandas.tseries.api
import time:       313 |        313 |                     pandas.core.computation.common
import time:       859 |       1172 |                   pandas.core.computation.align
import time:       435 |        435 |                       pprint
import time:       952 |       1387 |                     pandas.core.computation.scope
import time:      1882 |       3268 |                   pandas.core.computation.ops
import time:       594 |       5033 |                 pandas.core.computation.engines
import time:       793 |        793 |                   pandas.core.computation.parsing
import time:      2914 |       3707 |                 pandas.core.computation.expr
import time:       927 |       9666 |               pandas.core.computation.eval
import time:       194 |       9859 |             pandas.core.computation.api
import time:      1329 |       1329 |               pandas.core.reshape.encoding
import time:      6965 |       6965 |               pandas.core.reshape.merge
import time:      2536 |       2536 |               pandas.core.reshape.pivot
import time:      1348 |       1348 |               pandas.core.reshape.tile
import time:       347 |      12523 |             pandas.core.reshape.api
import time:       167 |        167 |               pandas.api.executors
import time:       128 |        128 |               pandas.api.extensions
import time:       109 |        109 |               pandas.api.indexers
import time:        66 |         66 |                   pandas.core.interchange
import time:      1198 |       1264 |                 pandas.core.interchange.dataframe_protocol
import time:       423 |        423 |                   pandas.core.interchange.utils
import time:      1453 |       1875 |                 pandas.core.interchange.from_dataframe
import time:       103 |       3241 |               pandas.api.interchange
import time:       353 |        353 |                 pandas.core.dtypes.api
import time:       133 |        486 |               pandas.api.types
import time:      4951 |       4951 |                 pandas.core.resample
import time:      2055 |       2055 |                       pandas._libs.json
import time:      1563 |       1563 |                       pandas.io.json._normalize
import time:       943 |        943 |                       pandas.io.json._table_schema
import time:      2448 |       2448 |                             pandas._libs.parsers
import time:      2614 |       2614 |                               pandas.io.parsers.base_parser
import time:      1223 |       3837 |                             pandas.io.parsers.arrow_parser_wrapper
import time:      1526 |       1526 |                             pandas.io.parsers.c_parser_wrapper
import time:      4850 |       4850 |                             pandas.io.parsers.python_parser
import time:      3724 |      16383 |                           pandas.io.parsers.readers
import time:       343 |      16725 |                         pandas.io.parsers
import time:        13 |      16738 |                       pandas.io.parsers.readers
import time:      3789 |      25085 |                     pandas.io.json._json
import time:       465 |      25550 |                   pandas.io.json
import time:        12 |      25562 |                 pandas.io.json._json
import time:       595 |        595 |                     pandas.io.sas.sasreader
import time:       387 |        982 |                   pandas.io.sas
import time:        11 |        993 |                 pandas.io.sas.sasreader
import time:     10258 |      10258 |                 pandas.io.stata
import time:       208 |      41970 |               pandas.api.typing
import time:       178 |      46276 |             pandas.api
import time:       562 |        562 |                 concurrent.futures.thread
import time:       572 |        572 |                 pandas._testing._io
import time:       806 |        806 |                 pandas._testing._warnings
import time:        27 |         27 |                     cmath
import time:      2027 |       2054 |                   pandas._libs.testing
import time:      3372 |       5425 |                 pandas._testing.asserters
import time:       419 |        419 |                 pandas._testing.compat
import time:       502 |        502 |                 pandas._testing.contexts
import time:      1756 |      10040 |               pandas._testing
import time:       414 |      10453 |             pandas.testing
import time:       455 |        455 |             pandas.util._print_versions
import time:       616 |        616 |               pandas.io.clipboards
import time:       783 |        783 |                   pandas.io.excel._util
import time:       588 |        588 |                   pandas.io.excel._calamine
import time:       937 |        937 |                   pandas.io.excel._odfreader
import time:      1578 |       1578 |                   pandas.io.excel._openpyxl
import time:       418 |        418 |                   pandas.io.excel._pyxlsb
import time:       439 |        439 |                   pandas.io.excel._xlrd
import time:      3580 |       8321 |                 pandas.io.excel._base
import time:      1035 |       1035 |                 pandas.io.excel._odswriter
import time:       964 |        964 |                 pandas.io.excel._xlsxwriter
import time:       362 |      10680 |               pandas.io.excel
import time:       500 |        500 |               pandas.io.feather_format
import time:      2479 |       2479 |               pandas.io.html
import time:       499 |        499 |               pandas.io.iceberg
import time:       491 |        491 |               pandas.io.orc
import time:      1339 |       1339 |               pandas.io.parquet
import time:       546 |        546 |                 pandas.compat.pickle_compat
import time:       424 |        970 |               pandas.io.pickle
import time:      2375 |       2375 |                 pandas.core.computation.pytables
import time:     15082 |      17456 |               pandas.io.pytables
import time:       421 |        421 |               pandas.io.spss
import time:      6325 |       6325 |               pandas.io.sql
import time:      2130 |       2130 |               pandas.io.xml
import time:       390 |      44291 |             pandas.io.api
import time:       379 |        379 |             pandas.util._tester
import time:       211 |        211 |             pandas._version_meson
import time:       767 |     643836 |           pandas
import time:       367 |        367 |                 openpyxl.compat.numbers
import time:       256 |        256 |                 openpyxl.compat.strings
import time:       545 |       1167 |               openpyxl.compat
import time:        13 |       1180 |             openpyxl.compat.numbers
import time:       300 |        300 |             openpyxl.xml
import time:       238 |        238 |                   openpyxl.worksheet
import time:       291 |        291 |                       openpyxl.utils.exceptions
import time:      1089 |       1379 |                     openpyxl.utils.cell
import time:      1385 |       1385 |                         openpyxl.formula.tokenizer
import time:       228 |       1613 |                       openpyxl.formula
import time:       614 |       2227 |                     openpyxl.utils.formulas
import time:       244 |       3849 |                   openpyxl.utils
import time:      1073 |       1073 |                               openpyxl.utils.datetime
import time:       135 |        135 |                               openpyxl.descriptors.namespace
import time:      1250 |       2457 |                             openpyxl.descriptors.base
import time:       449 |        449 |                                 openpyxl.xml.constants
import time:       710 |       1158 |                               openpyxl.xml.functions
import time:       328 |        328 |                               openpyxl.utils.indexed_list
import time:       467 |       1952 |                             openpyxl.descriptors.sequence
import time:       326 |       4733 |                           openpyxl.descriptors
import time:       853 |        853 |                           openpyxl.descriptors.serialisable
import time:       504 |       6090 |                         openpyxl.styles.alignment
import time:       712 |        712 |                           openpyxl.styles.colors
import time:       452 |       1163 |                         openpyxl.styles.borders
import time:       863 |        863 |                         openpyxl.styles.fills
import time:       423 |        423 |                           openpyxl.descriptors.nested
import time:       607 |       1029 |                         openpyxl.styles.fonts
import time:       769 |        769 |                         openpyxl.styles.numbers
import time:       295 |        295 |                         openpyxl.styles.protection
import time:       482 |        482 |                           openpyxl.descriptors.excel
import time:       728 |        728 |                           openpyxl.styles.cell_style
import time:       722 |       1931 |                         openpyxl.styles.named_styles
import time:       298 |      12435 |                       openpyxl.styles
import time:       252 |        252 |                         openpyxl.styles.proxy
import time:     21184 |      21184 |                         openpyxl.styles.builtins
import time:       532 |      21967 |                       openpyxl.styles.styleable
import time:       677 |        677 |                       openpyxl.worksheet.hyperlink
import time:       421 |        421 |                       openpyxl.worksheet.formula
import time:       766 |        766 |                         openpyxl.cell.text
import time:       833 |       1598 |                       openpyxl.cell.rich_text
import time:      1127 |      38222 |                     openpyxl.cell.cell
import time:       538 |        538 |                     openpyxl.cell.read_only
import time:       213 |      38972 |                   openpyxl.cell
import time:       322 |        322 |                         openpyxl.styles.differential
import time:      1094 |       1415 |                       openpyxl.formatting.rule
import time:       238 |       1653 |                     openpyxl.formatting
import time:      1497 |       1497 |                     openpyxl.worksheet.cell_range
import time:       505 |       3654 |                   openpyxl.formatting.formatting
import time:       443 |        443 |                     openpyxl.packaging
import time:       376 |        376 |                     openpyxl.descriptors.container
import time:      1036 |       1854 |                   openpyxl.packaging.relationship
import time:       312 |        312 |                       openpyxl.utils.escape
import time:      1035 |       1346 |                     openpyxl.worksheet.header_footer
import time:       623 |       1969 |                   openpyxl.workbook.child
import time:       914 |        914 |                   openpyxl.workbook.defined_name
import time:       661 |        661 |                   openpyxl.formula.translate
import time:       844 |        844 |                   openpyxl.worksheet.datavalidation
import time:       863 |        863 |                   openpyxl.worksheet.page
import time:       466 |        466 |                     openpyxl.utils.units
import time:       305 |        305 |                     openpyxl.utils.bound_dictionary
import time:      1191 |       1961 |                   openpyxl.worksheet.dimensions
import time:       258 |        258 |                     openpyxl.utils.protection
import time:       646 |        903 |                   openpyxl.worksheet.protection
import time:      1491 |       1491 |                   openpyxl.worksheet.filters
import time:       573 |        573 |                   openpyxl.worksheet.views
import time:       465 |        465 |                   openpyxl.worksheet.merge
import time:       452 |        452 |                   openpyxl.worksheet.properties
import time:       463 |        463 |                   openpyxl.worksheet.pagebreak
import time:       401 |        401 |                   openpyxl.worksheet.scenario
import time:       139 |        139 |                     openpyxl.worksheet.related
import time:      1323 |       1462 |                   openpyxl.worksheet.table
import time:       985 |        985 |                   openpyxl.worksheet.print_settings
import time:      2447 |      65411 |                 openpyxl.worksheet.worksheet
import time:      1670 |       1670 |                   openpyxl.worksheet._reader
import time:       565 |       2235 |                 openpyxl.worksheet._read_only
import time:       435 |        435 |                         openpyxl.comments.comments
import time:       249 |        684 |                       openpyxl.comments
import time:       131 |        131 |                       openpyxl.comments.author
import time:       408 |        408 |                       openpyxl.comments.shape_writer
import time:       817 |       2040 |                     openpyxl.comments.comment_sheet
import time:       607 |        607 |                     openpyxl.cell._writer
import time:      1182 |       3827 |                   openpyxl.worksheet._writer
import time:       458 |       4284 |                 openpyxl.worksheet._write_only
import time:       295 |        295 |                 openpyxl.worksheet.copier
import time:       178 |        178 |                   openpyxl.writer
import time:       582 |        582 |                       openpyxl.drawing.drawing
import time:        93 |        675 |                     openpyxl.drawing
import time:       567 |        567 |                         PIL._version
import time:       427 |        994 |                       PIL
import time:      2457 |       2457 |                         PIL.ExifTags
import time:       739 |        739 |                         PIL.ImageMode
import time:      1934 |       1934 |                         PIL.TiffTags
import time:       454 |        454 |                         PIL._binary
import time:       535 |        535 |                         PIL._deprecate
import time:       295 |        295 |                         PIL._util
import time:    553695 |     553695 |                         PIL._imaging
import time:     13721 |     573826 |                       PIL.Image
import time:       404 |     575223 |                     openpyxl.drawing.image
import time:       447 |        447 |                                 openpyxl.chart.layout
import time:       407 |        407 |                                 openpyxl.chart.picture
import time:      2320 |       2320 |                                   openpyxl.drawing.colors
import time:      2621 |       2621 |                                     openpyxl.drawing.effect
import time:      3256 |       5876 |                                   openpyxl.drawing.fill
import time:       880 |        880 |                                   openpyxl.drawing.line
import time:      2650 |       2650 |                                   openpyxl.drawing.geometry
import time:       576 |      12300 |                                 openpyxl.chart.shapes
import time:      3305 |       3305 |                                   openpyxl.drawing.text
import time:      1071 |       1071 |                                   openpyxl.chart.data_source
import time:       622 |       4997 |                                 openpyxl.chart.text
import time:       550 |        550 |                                 openpyxl.chart.error_bar
import time:       493 |      19191 |                               openpyxl.chart.marker
import time:       707 |      19897 |                             openpyxl.chart._3d
import time:       414 |        414 |                             openpyxl.chart.legend
import time:       659 |        659 |                             openpyxl.chart.reference
import time:       617 |        617 |                                 openpyxl.chart.label
import time:       430 |        430 |                                 openpyxl.chart.trendline
import time:       830 |       1877 |                               openpyxl.chart.series
import time:       496 |       2372 |                             openpyxl.chart.series_factory
import time:       322 |        322 |                             openpyxl.chart.title
import time:      1266 |      24927 |                           openpyxl.chart._chart
import time:       311 |        311 |                           openpyxl.chart.descriptors
import time:      1734 |       1734 |                           openpyxl.chart.axis
import time:       811 |      27783 |                         openpyxl.chart.area_chart
import time:       716 |        716 |                         openpyxl.chart.bar_chart
import time:       534 |        534 |                         openpyxl.chart.bubble_chart
import time:       269 |        269 |                           openpyxl.chart.updown_bars
import time:       526 |        794 |                         openpyxl.chart.line_chart
import time:       814 |        814 |                         openpyxl.chart.pie_chart
import time:       271 |        271 |                         openpyxl.chart.radar_chart
import time:       265 |        265 |                         openpyxl.chart.scatter_chart
import time:       246 |        246 |                         openpyxl.chart.stock_chart
import time:       464 |        464 |                         openpyxl.chart.surface_chart
import time:       730 |      32612 |                       openpyxl.chart
import time:        38 |      32650 |                     openpyxl.chart._chart
import time:       345 |        345 |                     openpyxl.drawing.xdr
import time:       736 |        736 |                       openpyxl.drawing.properties
import time:       630 |       1366 |                     openpyxl.drawing.connector
import time:       598 |        598 |                       openpyxl.drawing.picture
import time:       330 |        330 |                       openpyxl.drawing.relation
import time:       839 |       1766 |                     openpyxl.drawing.graphic
import time:      1235 |     613257 |                   openpyxl.drawing.spreadsheet_drawing
import time:      2748 |       2748 |                   openpyxl.packaging.manifest
import time:       518 |        518 |                     openpyxl.styles.table
import time:      1295 |       1813 |                   openpyxl.styles.stylesheet
import time:       386 |        386 |                     openpyxl.workbook.external_reference
import time:       488 |        488 |                       openpyxl.workbook.function_group
import time:       776 |        776 |                       openpyxl.workbook.properties
import time:       842 |        842 |                       openpyxl.workbook.protection
import time:       391 |        391 |                       openpyxl.workbook.smart_tags
import time:       547 |        547 |                       openpyxl.workbook.views
import time:       535 |        535 |                       openpyxl.workbook.web
import time:       797 |       4373 |                     openpyxl.packaging.workbook
import time:      1068 |       5827 |                   openpyxl.workbook._writer
import time:       455 |        455 |                   openpyxl.writer.theme
import time:      1043 |     625318 |                 openpyxl.writer.excel
import time:       291 |        291 |                     openpyxl.worksheet.drawing
import time:       637 |        637 |                     openpyxl.chartsheet.relation
import time:       353 |        353 |                     openpyxl.chartsheet.properties
import time:       312 |        312 |                     openpyxl.chartsheet.protection
import time:       224 |        224 |                     openpyxl.chartsheet.views
import time:       262 |        262 |                     openpyxl.chartsheet.custom
import time:       256 |        256 |                     openpyxl.chartsheet.publish
import time:       756 |       3085 |                   openpyxl.chartsheet.chartsheet
import time:       414 |       3498 |                 openpyxl.chartsheet
import time:       691 |        691 |                 openpyxl.packaging.core
import time:      1696 |       1696 |                 openpyxl.packaging.custom
import time:      1427 |     704851 |               openpyxl.workbook.workbook
import time:       288 |     705139 |             openpyxl.workbook
import time:       324 |        324 |               openpyxl.reader
import time:       165 |        165 |                 openpyxl.pivot
import time:      1124 |       1124 |                 openpyxl.pivot.fields
import time:      3921 |       5209 |               openpyxl.pivot.table
import time:        24 |         24 |               openpyxl.tests
import time:       354 |        354 |               openpyxl.reader.strings
import time:       763 |        763 |                     openpyxl.workbook.external_link.external
import time:       149 |        912 |                   openpyxl.workbook.external_link
import time:        13 |        924 |                 openpyxl.workbook.external_link.external
import time:      2768 |       2768 |                 openpyxl.pivot.cache
import time:       357 |        357 |                 openpyxl.pivot.record
import time:       730 |       4777 |               openpyxl.reader.workbook
import time:       806 |        806 |                   openpyxl.chart.plotarea
import time:       865 |        865 |                   openpyxl.chart.pivot
import time:       495 |        495 |                   openpyxl.chart.print_settings
import time:       824 |       2988 |                 openpyxl.chart.chartspace
import time:       242 |        242 |                 openpyxl.chart.reader
import time:       452 |       3681 |               openpyxl.reader.drawings
import time:      1383 |      15749 |             openpyxl.reader.excel
import time:       304 |        304 |             openpyxl._constants
import time:       395 |     723064 |           openpyxl
import time:       433 |        433 |             xlrd.timemachine
import time:      1806 |       1806 |             xlrd.biffh
import time:      2038 |       2038 |               xlrd.compdoc
import time:      3542 |       3542 |               xlrd.formatting
import time:      8886 |       8886 |                 xlrd.formula
import time:      6758 |      15643 |               xlrd.sheet
import time:      4931 |      26151 |             xlrd.book
import time:       482 |        482 |             xlrd.info
import time:       807 |        807 |             xlrd.xldate
import time:       943 |      30619 |           xlrd
import time:       556 |    1398074 |         markitdown.converters._xlsx_converter
import time:       413 |        413 |           markitdown.converters._llm_caption
import time:       291 |        291 |             pptx.exc
import time:       301 |        301 |                 pptx.opc
import time:       723 |       1024 |               pptx.opc.constants
import time:       555 |        555 |                       pptx.oxml.ns
import time:       658 |        658 |                           pptx.util
import time:      2103 |       2760 |                         pptx.oxml.simpletypes
import time:      2259 |       2259 |                         pptx.oxml.xmlchemy
import time:       337 |       5355 |                       pptx.oxml.action
import time:       271 |        271 |                         pptx.oxml.chart
import time:       125 |        125 |                           pptx.enum
import time:       721 |        721 |                           pptx.enum.base
import time:      1624 |       2469 |                         pptx.enum.chart
import time:       764 |        764 |                         pptx.oxml.chart.shared
import time:      2182 |       2182 |                           pptx.enum.lang
import time:       679 |        679 |                           pptx.enum.text
import time:        97 |         97 |                             pptx.oxml.dml
import time:      1121 |       1121 |                             pptx.enum.dml
import time:       843 |       2061 |                           pptx.oxml.dml.fill
import time:      1953 |       6874 |                         pptx.oxml.text
import time:      1236 |      11612 |                       pptx.oxml.chart.axis
import time:       943 |        943 |                       pptx.oxml.chart.chart
import time:       789 |        789 |                       pptx.oxml.chart.datalabel
import time:       400 |        400 |                       pptx.oxml.chart.legend
import time:       376 |        376 |                       pptx.oxml.chart.marker
import time:      1109 |       1109 |                       pptx.oxml.chart.plot
import time:       760 |        760 |                       pptx.oxml.chart.series
import time:      1157 |       1157 |                       pptx.oxml.coreprops
import time:       369 |        369 |                       pptx.oxml.dml.color
import time:       143 |        143 |                       pptx.oxml.dml.line
import time:       965 |        965 |                       pptx.oxml.presentation
import time:       283 |        283 |                         pptx.oxml.shapes
import time:      2542 |       2542 |                         pptx.enum.shapes
import time:        92 |         92 |                             pptx.dml
import time:      1003 |       1003 |                             pptx.dml.color
import time:       527 |        527 |                             pptx.shared
import time:      1069 |       2691 |                           pptx.dml.fill
import time:      1668 |       4359 |                         pptx.oxml.shapes.shared
import time:      1330 |       8513 |                       pptx.oxml.shapes.autoshape
import time:       446 |        446 |                       pptx.oxml.shapes.connector
import time:      1917 |       1917 |                         pptx.oxml.table
import time:      2198 |       2198 |                         pptx.spec
import time:       893 |       5007 |                       pptx.oxml.shapes.graphfrm
import time:       730 |        730 |                         pptx.oxml.shapes.picture
import time:      1054 |       1783 |                       pptx.oxml.shapes.groupshape
import time:      1061 |       1061 |                       pptx.oxml.slide
import time:       145 |        145 |                       pptx.oxml.theme
import time:      1648 |      43127 |                     pptx.oxml
import time:       727 |      43854 |                   pptx.opc.oxml
import time:       397 |        397 |                   pptx.opc.packuri
import time:       163 |        163 |                     pptx.opc.shared
import time:       207 |        207 |                     pptx.opc.spec
import time:      1159 |       1528 |                   pptx.opc.serialized
import time:      2986 |      48764 |                 pptx.opc.package
import time:       222 |        222 |                   pptx.parts
import time:       913 |       1134 |                 pptx.parts.coreprops
import time:       978 |        978 |                 pptx.parts.image
import time:       292 |        292 |                 pptx.parts.media
import time:       718 |      51884 |               pptx.package
import time:       303 |      53210 |             pptx.api
import time:        81 |         81 |                 pptx.chart
import time:       408 |        408 |                     pptx.dml.line
import time:       374 |        782 |                   pptx.dml.chtfmt
import time:       117 |        117 |                     pptx.text
import time:       281 |        281 |                     pptx.shapes
import time:      1140 |       1140 |                     pptx.text.fonts
import time:       505 |        505 |                         PIL._typing
import time:    808622 |     808622 |                         PIL._imagingft
import time:      2468 |     811594 |                       PIL.ImageFont
import time:      1030 |     812623 |                     pptx.text.layout
import time:      1750 |     815910 |                   pptx.text.text
import time:      1179 |     817869 |                 pptx.chart.axis
import time:       669 |        669 |                 pptx.chart.legend
import time:       936 |        936 |                   pptx.chart.category
import time:       754 |        754 |                   pptx.chart.datalabel
import time:       306 |        306 |                     pptx.chart.marker
import time:       590 |        590 |                     pptx.chart.point
import time:       927 |       1822 |                   pptx.chart.series
import time:      1143 |       4654 |                 pptx.chart.plot
import time:      4643 |       4643 |                 pptx.chart.xmlwriter
import time:       926 |     828839 |               pptx.chart.chart
import time:       519 |        519 |               pptx.parts.embeddedpackage
import time:       418 |     829775 |             pptx.parts.chart
import time:       655 |        655 |                     pptx.media
import time:       450 |        450 |                           pptx.enum.action
import time:       920 |       1370 |                         pptx.action
import time:       312 |        312 |                         pptx.dml.effect
import time:       806 |       2487 |                       pptx.shapes.base
import time:      1168 |       3654 |                     pptx.shapes.autoshape
import time:       920 |        920 |                     pptx.shapes.connector
import time:      1287 |       1287 |                     pptx.shapes.freeform
import time:      1869 |       1869 |                       pptx.table
import time:       623 |       2491 |                     pptx.shapes.graphfrm
import time:       422 |        422 |                     pptx.shapes.group
import time:       942 |        942 |                     pptx.shapes.picture
import time:      1072 |       1072 |                     pptx.shapes.placeholder
import time:      4840 |      16281 |                   pptx.shapes.shapetree
import time:      1669 |      17949 |                 pptx.slide
import time:      1052 |      19001 |               pptx.parts.slide
import time:       528 |        528 |               pptx.presentation
import time:       547 |      20076 |             pptx.parts.presentation
import time:      1033 |     904383 |           pptx
import time:      1310 |     906105 |         markitdown.converters._pptx_converter
import time:       390 |        390 |           markitdown.converters._exiftool
import time:       602 |        991 |         markitdown.converters._image_converter
import time:       393 |        393 |                 chunk
import time:       887 |       1279 |               aifc
import time:       118 |        118 |               audioop
import time:       732 |        732 |               wave
import time:      1936 |       1936 |               speech_recognition.audio
import time:       304 |        304 |               speech_recognition.exceptions
import time:       196 |        196 |               speech_recognition.recognizers
import time:       447 |        447 |               speech_recognition.recognizers.cohere_api
import time:       997 |        997 |               speech_recognition.recognizers.google
import time:       777 |        777 |               speech_recognition.recognizers.google_cloud
import time:       646 |        646 |               speech_recognition.recognizers.pocketsphinx
import time:       459 |        459 |               speech_recognition.recognizers.vosk
import time:        95 |         95 |               speech_recognition.recognizers.whisper_api
import time:       299 |        299 |                 speech_recognition.recognizers.whisper_api.base
import time:       517 |        816 |               speech_recognition.recognizers.whisper_api.groq
import time:       459 |        459 |               speech_recognition.recognizers.whisper_api.openai
import time:        95 |         95 |               speech_recognition.recognizers.whisper_local
import time:       379 |        379 |                 speech_recognition.recognizers.whisper_local.base
import time:       448 |        827 |               speech_recognition.recognizers.whisper_local.faster_whisper
import time:       530 |        530 |               speech_recognition.recognizers.whisper_local.whisper
import time:      5397 |      16101 |             speech_recognition
import time:       447 |        447 |                 pydub.logging_utils
import time:      1560 |       1560 |                 pydub.utils
import time:        79 |         79 |                 StringIO
import time:       217 |        217 |                 pydub.exceptions
/private/var/folders/9w/tdd8py050sv_tdw7syymb1fw0000gn/T/pupu-third-party-l_r9n202/runtimes/mcp.workspace.markitdown/venv/lib/python3.12/site-packages/pydub/utils.py:170: RuntimeWarning: Couldn't find ffmpeg or avconv - defaulting to ffmpeg, but may not work
  warn("Couldn't find ffmpeg or avconv - defaulting to ffmpeg, but may not work", RuntimeWarning)
import time:       618 |        618 |                   pydub.silence
import time:      1240 |       1857 |                 pydub.effects
import time:      5316 |       9473 |               pydub.audio_segment
import time:       622 |      10094 |             pydub
import time:       437 |      26632 |           markitdown.converters._transcribe_audio
import time:       446 |      27077 |         markitdown.converters._audio_converter
import time:      6338 |       6338 |             olefile.olefile
import time:       490 |       6827 |           olefile
import time:       621 |       7448 |         markitdown.converters._outlook_msg_converter
import time:       697 |        697 |         markitdown.converters._zip_converter
import time:       234 |        234 |               azure
import time:       202 |        436 |             azure.ai
import time:       258 |        258 |                 azure.core._version
import time:       436 |        436 |                   azure.core.configuration
import time:       491 |        491 |                         azure.core.pipeline.policies._base
import time:       886 |        886 |                           azure.core.credentials
import time:      1859 |       1859 |                           azure.core.exceptions
import time:       361 |        361 |                                   azure.core.utils._connection_string_parser
import time:      1080 |       1080 |                                   azure.core.utils._utils
import time:       409 |       1848 |                                 azure.core.utils
import time:         6 |       1854 |                               azure.core.utils._utils
import time:      1140 |       1140 |                                     email._header_value_parser
import time:       705 |       1845 |                                   email.headerregistry
import time:       345 |        345 |                                   email.contentmanager
import time:       635 |       2823 |                                 email.policy
import time:       365 |        365 |                                 azure.core.pipeline._tools
import time:      1255 |       4442 |                               azure.core.utils._pipeline_transport_rest_shared
import time:      1999 |       8295 |                             azure.core.pipeline.transport._base
import time:       289 |        289 |                                 azure.core.pipeline._tools_async
import time:       351 |        640 |                               azure.core.utils._pipeline_transport_rest_shared_async
import time:       649 |       1288 |                             azure.core.pipeline.transport._base_async
import time:       603 |      10184 |                           azure.core.pipeline.transport
import time:      1722 |       1722 |                                 azure.core.serialization
import time:      1377 |       3098 |                               azure.core.rest._helpers
import time:       984 |       4082 |                             azure.core.rest._rest_py3
import time:       255 |       4336 |                           azure.core.rest
import time:       840 |        840 |                           azure.core.pipeline.policies._utils
import time:      1163 |      19266 |                         azure.core.pipeline.policies._authentication
import time:       393 |        393 |                         azure.core.pipeline.policies._custom_hook
import time:       772 |        772 |                         azure.core.pipeline.policies._redirect
import time:       197 |        197 |                           azure.core._enum_meta
import time:      1754 |       1950 |                         azure.core.pipeline.policies._retry
import time:       259 |        259 |                             azure.core._azure_clouds
import time:      1916 |       2175 |                           azure.core.settings
import time:       438 |        438 |                               azure.core.tracing._models
import time:       836 |       1273 |                             azure.core.tracing._abstract_span
import time:       301 |       1574 |                           azure.core.tracing
import time:       386 |        386 |                             azure.core.instrumentation
import time:       563 |        948 |                           azure.core.tracing.common
import time:      1155 |       5850 |                         azure.core.pipeline.policies._distributed_tracing
import time:      2367 |       2367 |                         azure.core.pipeline.policies._universal
import time:       381 |        381 |                         azure.core.pipeline.policies._base_async
import time:       585 |        585 |                           azure.core.credentials_async
import time:       919 |       1504 |                         azure.core.pipeline.policies._authentication_async
import time:       377 |        377 |                         azure.core.pipeline.policies._redirect_async
import time:       787 |        787 |                         azure.core.pipeline.policies._retry_async
import time:       353 |        353 |                         azure.core.pipeline.policies._sensitive_header_cleanup_policy
import time:       324 |      34809 |                       azure.core.pipeline.policies
import time:       798 |      35607 |                     azure.core.pipeline._base
import time:       781 |        781 |                     azure.core.pipeline._base_async
import time:       803 |      37190 |                   azure.core.pipeline
import time:       696 |      38321 |                 azure.core._pipeline_client
import time:       315 |        315 |                 azure.core._match_conditions
import time:       856 |        856 |                 azure.core._pipeline_client_async
import time:       519 |      40267 |               azure.core
import time:       103 |        103 |                 azure.ai.documentintelligence._version
import time:       658 |        760 |               azure.ai.documentintelligence._configuration
import time:       769 |        769 |                   azure.core.paging
import time:       748 |        748 |                       azure.core.tracing.decorator
import time:       478 |        478 |                       azure.core.polling._utils
import time:      1246 |       2471 |                     azure.core.polling._poller
import time:       717 |        717 |                     azure.core.polling._async_poller
import time:       314 |       3501 |                   azure.core.polling
import time:      2572 |       2572 |                   azure.core.polling.base_polling
import time:      1052 |       1052 |                           isodate.duration
import time:       210 |        210 |                             isodate.isoerror
import time:       525 |        525 |                                 isodate.tzinfo
import time:       586 |       1110 |                               isodate.isotzinfo
import time:       766 |       1875 |                             isodate.isostrf
import time:       629 |       2713 |                           isodate.isodates
import time:       473 |        473 |                             isodate.isotime
import time:       177 |        650 |                           isodate.isodatetime
import time:       840 |        840 |                           isodate.isoduration
import time:       133 |        133 |                           isodate.version
import time:       713 |       6098 |                         isodate
import time:      4512 |      10610 |                       azure.ai.documentintelligence._model_base
import time:      1514 |       1514 |                       azure.ai.documentintelligence.models._enums
import time:      7524 |      19646 |                     azure.ai.documentintelligence.models._models
import time:       294 |        294 |                     azure.ai.documentintelligence.models._patch
import time:       651 |      20590 |                   azure.ai.documentintelligence.models
import time:        34 |         34 |                     urllib.quote
import time:      5884 |       5918 |                   azure.ai.documentintelligence._serialization
import time:       343 |        343 |                   azure.ai.documentintelligence._vendor
import time:     10334 |      44024 |                 azure.ai.documentintelligence._operations._operations
import time:      2097 |       2097 |                 azure.ai.documentintelligence._operations._patch
import time:       286 |      46406 |               azure.ai.documentintelligence._operations
import time:       856 |      88287 |             azure.ai.documentintelligence._client
import time:       399 |        399 |             azure.ai.documentintelligence._patch
import time:       326 |      89447 |           azure.ai.documentintelligence
import time:       541 |        541 |             azure.identity._auth_record
import time:       379 |        379 |             azure.identity._exceptions
import time:       272 |        272 |             azure.identity._constants
import time:      1187 |       1187 |                                     http.server
import time:      1398 |       2584 |                                   msal.oauth2cli.authcode
import time:      1987 |       4571 |                                 msal.oauth2cli.oauth2
import time:      1081 |       5652 |                               msal.oauth2cli.oidc
import time:       500 |        500 |                               msal.oauth2cli.assertion
import time:       365 |       6515 |                             msal.oauth2cli
import time:       951 |        951 |                             msal.authority
import time:       208 |        208 |                               xml.etree.cElementTree
import time:       605 |        813 |                             msal.mex
import time:       234 |        234 |                               msal.wstrust_response
import time:       301 |        535 |                             msal.wstrust_request
import time:      1624 |       1624 |                             msal.token_cache
import time:       497 |        497 |                             msal.telemetry
import time:       337 |        337 |                             msal.region
import time:       830 |        830 |                               msal.individual_cache
import time:       337 |        337 |                               msal.oauth2cli.http
import time:       304 |        304 |                               msal.exceptions
import time:       754 |       2223 |                             msal.throttled_http_client
import time:        54 |         54 |                               urlparse
import time:       523 |        576 |                             msal.cloudshell
import time:       109 |        109 |                             msal.sku
import time:      5415 |      19591 |                           msal.application
import time:       294 |        294 |                           msal.auth_scheme
import time:      1688 |       1688 |                           msal.managed_identity
import time:       453 |      22024 |                         msal
import time:       595 |        595 |                           azure.identity._enums
import time:       912 |       1507 |                         azure.identity._internal.utils
import time:       415 |        415 |                             cryptography.x509.certificate_transparency
import time:       725 |        725 |                                 cryptography.hazmat.primitives.hashes
import time:      1501 |       2225 |                               cryptography.hazmat._oid
import time:       332 |       2556 |                             cryptography.x509.oid
import time:      4680 |       4680 |                                 cryptography.x509.name
import time:       971 |       5651 |                               cryptography.x509.general_name
import time:       277 |       5927 |                             cryptography.x509.verification
import time:       257 |        257 |                               cryptography.hazmat.primitives.asymmetric
import time:       629 |        629 |                                 cryptography.hazmat.primitives._serialization
import time:       325 |        325 |                                 cryptography.hazmat.primitives.asymmetric.utils
import time:      1087 |       2040 |                               cryptography.hazmat.primitives.asymmetric.dsa
import time:      1093 |       1093 |                               cryptography.hazmat.primitives.asymmetric.ec
import time:       498 |        498 |                               cryptography.hazmat.primitives.asymmetric.ed448
import time:       474 |        474 |                               cryptography.hazmat.primitives.asymmetric.ed25519
import time:       926 |        926 |                               cryptography.hazmat.primitives.asymmetric.mldsa
import time:       147 |        147 |                                 cryptography.hazmat.primitives._asymmetric
import time:       714 |        714 |                                 cryptography.hazmat.primitives.asymmetric.rsa
import time:       391 |       1251 |                               cryptography.hazmat.primitives.asymmetric.padding
import time:       331 |        331 |                               cryptography.hazmat.primitives.asymmetric.x448
import time:       315 |        315 |                               cryptography.hazmat.primitives.asymmetric.x25519
import time:       331 |        331 |                                 cryptography.hazmat.primitives.asymmetric.dh
import time:       551 |        551 |                                 cryptography.hazmat.primitives.asymmetric.mlkem
import time:       286 |       1167 |                               cryptography.hazmat.primitives.asymmetric.types
import time:       201 |        201 |                                 cryptography.hazmat.primitives.constant_time
import time:       214 |        214 |                                   cryptography.hazmat.primitives.serialization.base
import time:        74 |         74 |                                     bcrypt
import time:      4905 |       4978 |                                   cryptography.hazmat.primitives.serialization.ssh
import time:       228 |       5419 |                                 cryptography.hazmat.primitives.serialization
import time:      6979 |      12598 |                               cryptography.x509.extensions
import time:      2046 |      22992 |                             cryptography.x509.base
import time:      1412 |      33300 |                           cryptography.x509
import time:       416 |      33715 |                         azure.identity._internal.aadclient_certificate
import time:       526 |        526 |                         azure.identity._persistent_cache
import time:      1592 |      59362 |                       azure.identity._internal.aad_client_base
import time:       326 |        326 |                           azure.identity._version
import time:      1181 |       1181 |                           plistlib
import time:     14830 |      16335 |                         azure.identity._internal.user_agent
import time:       493 |      16828 |                       azure.identity._internal.pipeline
import time:       700 |      76889 |                     azure.identity._internal.aad_client
import time:       710 |        710 |                     azure.identity._internal.auth_code_redirect_handler
import time:       653 |        653 |                     azure.identity._internal.decorators
import time:       732 |        732 |                         azure.identity._internal.msal_client
import time:       763 |       1495 |                       azure.identity._internal.msal_credentials
import time:      1415 |       2910 |                     azure.identity._internal.interactive
import time:       562 |      81722 |                   azure.identity._internal
import time:        13 |      81735 |                 azure.identity._internal.aad_client
import time:       634 |        634 |                 azure.identity._internal.get_token_mixin
import time:      1134 |      83501 |               azure.identity._credentials.authorization_code
import time:       904 |        904 |                 azure.identity._credentials.azure_cli
import time:      1135 |       2038 |               azure.identity._credentials.azure_powershell
import time:       614 |        614 |                 webbrowser
import time:       609 |       1222 |               azure.identity._credentials.browser
import time:       549 |        549 |                 azure.identity._internal.client_credential_base
import time:       875 |       1424 |               azure.identity._credentials.certificate
import time:       747 |        747 |               azure.identity._credentials.chained
import time:       306 |        306 |               azure.identity._credentials.client_secret
import time:       432 |        432 |                 azure.identity._credentials.broker
import time:       442 |        442 |                   azure.identity._credentials.user_password
import time:       831 |       1273 |                 azure.identity._credentials.environment
import time:       715 |        715 |                 azure.identity._credentials.managed_identity
import time:      1123 |       1123 |                     azure.identity._internal.shared_token_cache
import time:       859 |       1981 |                   azure.identity._credentials.silent
import time:       815 |       2796 |                 azure.identity._credentials.shared_cache
import time:       996 |        996 |                 azure.identity._credentials.azd_cli
import time:       778 |        778 |                 azure.identity._credentials.vscode
import time:       379 |        379 |                   azure.identity._credentials.client_assertion
import time:       415 |        793 |                 azure.identity._credentials.workload_identity
import time:      1281 |       9061 |               azure.identity._credentials.default
import time:       705 |        705 |               azure.identity._credentials.on_behalf_of
import time:       469 |        469 |               azure.identity._credentials.device_code
import time:       579 |        579 |               azure.identity._credentials.azure_pipelines
import time:       484 |     100531 |             azure.identity._credentials
import time:       331 |        331 |             azure.identity._bearer_token_provider
import time:       574 |     102626 |           azure.identity
import time:       989 |     193061 |         markitdown.converters._doc_intel_converter
import time:       803 |        803 |         markitdown.converters._epub_converter
import time:       429 |        429 |         markitdown.converters._csv_converter
import time:       424 |    2757331 |       markitdown.converters
import time:      2323 |    3002009 |     markitdown._markitdown
import time:       493 |    3002856 |   markitdown
import time:       107 |        107 |     rich
import time:        18 |        125 |   rich.console
import time:      4274 |    3467032 | markitdown_mcp.__main__
